Order_ID,Order_Date,Customer_ID,Customer_Name,Gender,Age,City,State,Region,Category,Sub_Category,Product,Quantity,Unit_Price,Discount,Sales,Cost,Profit,Payment_Mode,Order_Status
ORD00586,2025-01-01,CUST0291,Customer 0291,Female,41,Lucknow,Uttar Pradesh,North,Electronics,Accessories,Smart Watch,1,4500.0,0.05,4275.0,2700.0,1575.0,Debit Card,Delivered
ORD00083,2025-01-01,CUST0034,Customer 0034,Male,31,Mumbai,Maharashtra,West,Home & Kitchen,Appliances,Air Fryer,1,6500.0,0.05,5248.75,4200.0,-691.25,Credit Card,Returned
ORD00601,2025-01-01,CUST0473,Customer 0473,Female,29,Hyderabad,Telangana,South,Fashion,Accessories,Backpack,1,1800.0,0.1,1620.0,950.0,670.0,UPI,Delivered
ORD01129,2025-01-01,CUST0128,Customer 0128,Female,24,Hyderabad,Telangana,South,Beauty,Personal Care,Hair Dryer,1,2400.0,0.05,2280.0,1350.0,930.0,Net Banking,Delivered
ORD00935,2025-01-01,CUST0223,Customer 0223,Male,60,Chennai,Tamil Nadu,South,Beauty,Skincare,Face Serum,2,900.0,0.05,1710.0,840.0,870.0,UPI,Delivered
ORD00305,2025-01-02,CUST0120,Customer 0120,Male,33,Bengaluru,Karnataka,South,Home & Kitchen,Kitchen,Cookware Set,1,2800.0,0.1,2520.0,1650.0,870.0,Net Banking,Delivered
ORD00995,2025-01-02,CUST0356,Customer 0356,Female,41,Delhi,Delhi,North,Sports,Fitness,Yoga Mat,2,1200.0,0.2,0.0,1100.0,0.0,Debit Card,Cancelled
ORD00210,2025-01-02,CUST0350,Customer 0350,Male,24,Bengaluru,Karnataka,South,Books,Education,Python Programming Book,1,1100.0,0.05,1045.0,520.0,525.0,Cash on Delivery,Delivered
ORD00027,2025-01-02,CUST0037,Customer 0037,Female,26,Bengaluru,Karnataka,South,Books,Education,Data Analytics Book,4,850.0,0.2,2720.0,1680.0,1040.0,UPI,Delivered
ORD00177,2025-01-02,CUST0417,Customer 0417,Male,43,Kolkata,West Bengal,East,Electronics,Mobiles,Smartphone,1,18000.0,0.15,13005.0,12500.0,-980.0,Credit Card,Returned
ORD00746,2025-01-03,CUST0332,Customer 0332,Male,34,Hyderabad,Telangana,South,Books,Education,Python Programming Book,1,1100.0,0.2,880.0,520.0,360.0,Net Banking,Delivered
ORD00747,2025-01-04,CUST0134,Customer 0134,Male,22,Ahmedabad,Gujarat,West,Electronics,Laptops,Laptop,1,52000.0,0.1,46800.0,39000.0,7800.0,Credit Card,Delivered
ORD00185,2025-01-04,CUST0152,Customer 0152,Female,49,Chennai,Tamil Nadu,South,Home & Kitchen,Appliances,Mixer Grinder,2,3200.0,0.15,5440.0,4200.0,1240.0,UPI,Delivered
ORD00264,2025-01-04,CUST0336,Customer 0336,Female,21,Pune,Maharashtra,West,Home & Kitchen,Furniture,Office Chair,1,8500.0,0.1,7650.0,5700.0,1950.0,Credit Card,Delivered
ORD00713,2025-01-04,CUST0281,Customer 0281,Male,29,Bhubaneswar,Odisha,East,Fashion,Women,Kurti,3,1600.0,0.0,4800.0,2400.0,2400.0,Credit Card,Delivered
ORD01084,2025-01-04,CUST0395,Customer 0395,Female,34,Coimbatore,Tamil Nadu,South,Sports,Fitness,Dumbbells,1,2600.0,0.05,2470.0,1450.0,1020.0,Cash on Delivery,Delivered
ORD01289,2025-01-04,CUST0259,Customer 0259,Male,20,Patna,Bihar,East,Books,Education,Data Analytics Book,1,850.0,0.0,850.0,420.0,430.0,Cash on Delivery,Delivered
ORD00506,2025-01-06,CUST0038,Customer 0038,Male,54,Lucknow,Uttar Pradesh,North,Books,Education,Data Analytics Book,2,850.0,0.05,1615.0,840.0,775.0,Debit Card,Delivered
ORD00605,2025-01-06,CUST0429,Customer 0429,Male,22,Jaipur,Rajasthan,North,Home & Kitchen,Kitchen,Cookware Set,2,2800.0,0.05,4522.0,3300.0,-707.0,UPI,Returned
ORD00777,2025-01-06,CUST0314,Customer 0314,Female,35,Delhi,Delhi,North,Electronics,Accessories,Wireless Earbuds,1,2500.0,0.1,2250.0,1450.0,800.0,Credit Card,Delivered
ORD01423,2025-01-06,CUST0299,Customer 0299,Male,52,Hyderabad,Telangana,South,Electronics,Mobiles,Smartphone,1,18000.0,0.05,17100.0,12500.0,4600.0,Credit Card,Delivered
ORD00165,2025-01-07,CUST0079,Customer 0079,Female,28,Bengaluru,Karnataka,South,Electronics,Accessories,Wireless Earbuds,1,2500.0,0.15,0.0,1450.0,0.0,Credit Card,Cancelled
ORD00246,2025-01-08,CUST0385,Customer 0385,Male,41,Chennai,Tamil Nadu,South,Home & Kitchen,Appliances,Mixer Grinder,1,3200.0,0.0,3200.0,2100.0,1100.0,Debit Card,Delivered
ORD01202,2025-01-08,CUST0023,Customer 0023,Female,32,Delhi,Delhi,North,Fashion,Footwear,Running Shoes,1,3200.0,0.05,3040.0,1750.0,1290.0,Credit Card,Delivered
ORD00308,2025-01-08,CUST0438,Customer 0438,Female,32,Coimbatore,Tamil Nadu,South,Electronics,Mobiles,Smartphone,1,18000.0,0.05,17100.0,12500.0,4600.0,UPI,Delivered
ORD00937,2025-01-08,CUST0198,Customer 0198,Female,48,Delhi,Delhi,North,Fashion,Women,Kurti,1,1600.0,0.05,1520.0,800.0,720.0,UPI,Delivered
ORD00289,2025-01-08,CUST0101,Customer 0101,Female,47,Kolkata,West Bengal,East,Electronics,Mobiles,Smartphone,2,18000.0,0.1,32400.0,25000.0,7400.0,Debit Card,Delivered
ORD01358,2025-01-09,CUST0122,Customer 0122,Male,49,Bhubaneswar,Odisha,East,Electronics,Accessories,Smart Watch,1,4500.0,0.0,4500.0,2700.0,1800.0,Debit Card,Delivered
ORD00965,2025-01-09,CUST0209,Customer 0209,Female,53,Hyderabad,Telangana,South,Sports,Fitness,Dumbbells,2,2600.0,0.0,5200.0,2900.0,2300.0,UPI,Delivered
ORD00714,2025-01-09,CUST0063,Customer 0063,Male,51,Bengaluru,Karnataka,South,Home & Kitchen,Appliances,Mixer Grinder,2,3200.0,0.0,6400.0,4200.0,2200.0,UPI,Delivered
ORD00933,2025-01-10,CUST0277,Customer 0277,Male,32,Hyderabad,Telangana,South,Books,Education,Python Programming Book,1,1100.0,0.05,0.0,520.0,0.0,Cash on Delivery,Cancelled
ORD00560,2025-01-10,CUST0039,Customer 0039,Female,19,Kolkata,West Bengal,East,Fashion,Men,Casual Shirt,1,1400.0,0.05,1330.0,700.0,630.0,UPI,Delivered
ORD00244,2025-01-10,CUST0284,Customer 0284,Male,51,Bhubaneswar,Odisha,East,Electronics,Mobiles,Smartphone,3,18000.0,0.05,51300.0,37500.0,13800.0,Debit Card,Delivered
ORD00402,2025-01-10,CUST0111,Customer 0111,Male,38,Chennai,Tamil Nadu,South,Fashion,Footwear,Running Shoes,1,3200.0,0.05,3040.0,1750.0,1290.0,Net Banking,Delivered
ORD00252,2025-01-10,CUST0457,Customer 0457,Male,57,Coimbatore,Tamil Nadu,South,Fashion,Footwear,Running Shoes,1,3200.0,0.2,0.0,1750.0,0.0,Debit Card,Cancelled
ORD00686,2025-01-11,CUST0023,Customer 0023,Male,54,Pune,Maharashtra,West,Home & Kitchen,Appliances,Mixer Grinder,1,3200.0,0.15,2720.0,2100.0,620.0,UPI,Delivered
ORD00481,2025-01-11,CUST0290,Customer 0290,Male,37,Madurai,Tamil Nadu,South,Beauty,Personal Care,Hair Dryer,2,2400.0,0.05,4560.0,2700.0,1860.0,Credit Card,Delivered
ORD00801,2025-01-11,CUST0100,Customer 0100,Female,39,Chennai,Tamil Nadu,South,Electronics,Accessories,Smart Watch,1,4500.0,0.05,4275.0,2700.0,1575.0,Net Banking,Delivered
ORD00541,2025-01-11,CUST0209,Customer 0209,Female,19,Madurai,Tamil Nadu,South,Fashion,Footwear,Running Shoes,2,3200.0,0.2,0.0,3500.0,0.0,Cash on Delivery,Cancelled
ORD01040,2025-01-11,CUST0188,Customer 0188,Female,51,Pune,Maharashtra,West,Fashion,Accessories,Backpack,3,1800.0,0.0,4590.0,2850.0,-892.5,Debit Card,Returned
ORD01033,2025-01-12,CUST0115,Customer 0115,Female,26,Patna,Bihar,East,Fashion,Women,Kurti,2,1600.0,0.15,2720.0,1600.0,1120.0,Credit Card,Delivered
ORD00224,2025-01-12,CUST0003,Customer 0003,Female,47,Pune,Maharashtra,West,Sports,Fitness,Dumbbells,1,2600.0,0.1,2340.0,1450.0,890.0,Net Banking,Delivered
ORD00710,2025-01-12,CUST0312,Customer 0312,Male,22,Kolkata,West Bengal,East,Fashion,Men,Casual Shirt,1,1400.0,0.1,1260.0,700.0,560.0,Credit Card,Delivered
ORD00834,2025-01-12,CUST0228,Customer 0228,Female,34,Jaipur,Rajasthan,North,Sports,Fitness,Dumbbells,1,2600.0,0.1,2340.0,1450.0,890.0,UPI,Delivered
ORD00848,2025-01-12,CUST0413,Customer 0413,Male,49,Kolkata,West Bengal,East,Electronics,Accessories,Smart Watch,1,4500.0,0.05,0.0,2700.0,0.0,Cash on Delivery,Cancelled
ORD00351,2025-01-13,CUST0295,Customer 0295,Male,25,Coimbatore,Tamil Nadu,South,Electronics,Laptops,Laptop,1,52000.0,0.0,52000.0,39000.0,13000.0,Debit Card,Delivered
ORD01454,2025-01-13,CUST0356,Customer 0356,Female,53,Jaipur,Rajasthan,North,Fashion,Men,Casual Shirt,2,1400.0,0.1,2520.0,1400.0,1120.0,Net Banking,Delivered
ORD00527,2025-01-13,CUST0019,Customer 0019,Male,60,Chennai,Tamil Nadu,South,Beauty,Personal Care,Hair Dryer,1,2400.0,0.0,0.0,1350.0,0.0,Cash on Delivery,Cancelled
ORD00823,2025-01-13,CUST0371,Customer 0371,Male,29,Chennai,Tamil Nadu,South,Home & Kitchen,Appliances,Mixer Grinder,1,3200.0,0.1,2880.0,2100.0,780.0,Net Banking,Delivered
ORD00701,2025-01-13,CUST0210,Customer 0210,Male,47,Chennai,Tamil Nadu,South,Sports,Fitness,Yoga Mat,2,1200.0,0.05,2280.0,1100.0,1180.0,Debit Card,Delivered
ORD00669,2025-01-13,CUST0447,Customer 0447,Female,50,Coimbatore,Tamil Nadu,South,Home & Kitchen,Furniture,Office Chair,1,8500.0,0.1,6502.5,5700.0,-682.5,Debit Card,Returned
ORD00127,2025-01-14,CUST0359,Customer 0359,Male,39,Coimbatore,Tamil Nadu,South,Books,Education,Data Analytics Book,2,850.0,0.1,1530.0,840.0,690.0,Debit Card,Delivered
ORD00971,2025-01-14,CUST0400,Customer 0400,Male,43,Chennai,Tamil Nadu,South,Electronics,Laptops,Laptop,1,52000.0,0.05,49400.0,39000.0,10400.0,Cash on Delivery,Delivered
ORD01177,2025-01-15,CUST0093,Customer 0093,Male,26,Kolkata,West Bengal,East,Sports,Fitness,Dumbbells,1,2600.0,0.05,0.0,1450.0,0.0,Net Banking,Cancelled
ORD00378,2025-01-15,CUST0453,Customer 0453,Female,55,Mumbai,Maharashtra,West,Electronics,Laptops,Laptop,1,52000.0,0.2,35360.0,39000.0,-910.0,Credit Card,Returned
ORD01408,2025-01-16,CUST0148,Customer 0148,Male,54,Bhubaneswar,Odisha,East,Home & Kitchen,Furniture,Office Chair,1,8500.0,0.2,5780.0,5700.0,-385.0,UPI,Returned
ORD01244,2025-01-16,CUST0141,Customer 0141,Female,26,Ahmedabad,Gujarat,West,Sports,Fitness,Dumbbells,1,2600.0,0.15,1878.5,1450.0,-266.0,Credit Card,Returned
ORD01208,2025-01-16,CUST0020,Customer 0020,Female,19,Madurai,Tamil Nadu,South,Home & Kitchen,Appliances,Mixer Grinder,1,3200.0,0.0,3200.0,2100.0,1100.0,Cash on Delivery,Delivered
ORD01116,2025-01-16,CUST0278,Customer 0278,Female,36,Coimbatore,Tamil Nadu,South,Beauty,Personal Care,Hair Dryer,2,2400.0,0.0,4080.0,2700.0,-735.0,Credit Card,Returned
ORD01487,2025-01-16,CUST0134,Customer 0134,Male,32,Hyderabad,Telangana,South,Books,Education,Python Programming Book,3,1100.0,0.1,2524.5,1560.0,-493.5,Cash on Delivery,Returned
ORD00363,2025-01-16,CUST0440,Customer 0440,Female,50,Bengaluru,Karnataka,South,Electronics,Laptops,Laptop,1,52000.0,0.15,37570.0,39000.0,-1820.0,Cash on Delivery,Returned
ORD00705,2025-01-16,CUST0032,Customer 0032,Male,54,Jaipur,Rajasthan,North,Fashion,Accessories,Backpack,1,1800.0,0.1,1620.0,950.0,670.0,Net Banking,Delivered
ORD00896,2025-01-16,CUST0428,Customer 0428,Female,36,Bhubaneswar,Odisha,East,Electronics,Laptops,Laptop,2,52000.0,0.2,83200.0,78000.0,5200.0,Net Banking,Delivered
ORD00687,2025-01-17,CUST0267,Customer 0267,Female,25,Madurai,Tamil Nadu,South,Home & Kitchen,Appliances,Air Fryer,1,6500.0,0.1,5850.0,4200.0,1650.0,Credit Card,Delivered
ORD00545,2025-01-17,CUST0469,Customer 0469,Female,22,Patna,Bihar,East,Fashion,Footwear,Running Shoes,1,3200.0,0.05,3040.0,1750.0,1290.0,Credit Card,Delivered
ORD00137,2025-01-17,CUST0012,Customer 0012,Female,33,Kolkata,West Bengal,East,Books,Education,Data Analytics Book,3,850.0,0.05,0.0,1260.0,0.0,Debit Card,Cancelled
ORD00733,2025-01-17,CUST0100,Customer 0100,Male,34,Lucknow,Uttar Pradesh,North,Fashion,Men,Casual Shirt,1,1400.0,0.1,1071.0,700.0,-196.0,Net Banking,Returned
ORD00034,2025-01-17,CUST0373,Customer 0373,Female,52,Madurai,Tamil Nadu,South,Books,Education,Data Analytics Book,4,850.0,0.05,2745.5,1680.0,-542.5,Cash on Delivery,Returned
ORD00490,2025-01-18,CUST0345,Customer 0345,Female,57,Madurai,Tamil Nadu,South,Sports,Fitness,Dumbbells,1,2600.0,0.1,2340.0,1450.0,890.0,Net Banking,Delivered
ORD01485,2025-01-18,CUST0080,Customer 0080,Female,55,Coimbatore,Tamil Nadu,South,Electronics,Accessories,Smart Watch,1,4500.0,0.0,4500.0,2700.0,1800.0,UPI,Delivered
ORD01476,2025-01-19,CUST0437,Customer 0437,Male,57,Bhubaneswar,Odisha,East,Beauty,Personal Care,Hair Dryer,1,2400.0,0.1,2160.0,1350.0,810.0,Net Banking,Delivered
ORD00382,2025-01-19,CUST0154,Customer 0154,Female,21,Hyderabad,Telangana,South,Books,Education,Python Programming Book,1,1100.0,0.0,1100.0,520.0,580.0,Cash on Delivery,Delivered
ORD00949,2025-01-20,CUST0031,Customer 0031,Female,57,Bhubaneswar,Odisha,East,Books,Education,Python Programming Book,1,1100.0,0.05,888.25,520.0,-183.75,Credit Card,Returned
ORD00234,2025-01-20,CUST0160,Customer 0160,Male,60,Bhubaneswar,Odisha,East,Beauty,Personal Care,Hair Dryer,1,2400.0,0.0,2040.0,1350.0,-367.5,Credit Card,Returned
ORD00309,2025-01-21,CUST0179,Customer 0179,Female,24,Madurai,Tamil Nadu,South,Home & Kitchen,Kitchen,Cookware Set,1,2800.0,0.1,2520.0,1650.0,870.0,Cash on Delivery,Delivered
ORD01019,2025-01-21,CUST0436,Customer 0436,Male,49,Kolkata,West Bengal,East,Electronics,Mobiles,Smartphone,1,18000.0,0.1,16200.0,12500.0,3700.0,Credit Card,Delivered
ORD00276,2025-01-21,CUST0070,Customer 0070,Male,32,Coimbatore,Tamil Nadu,South,Fashion,Footwear,Running Shoes,1,3200.0,0.05,0.0,1750.0,0.0,Credit Card,Cancelled
ORD00207,2025-01-21,CUST0117,Customer 0117,Female,32,Kolkata,West Bengal,East,Fashion,Footwear,Running Shoes,1,3200.0,0.0,0.0,1750.0,0.0,UPI,Cancelled
ORD00005,2025-01-21,CUST0316,Customer 0316,Female,26,Madurai,Tamil Nadu,South,Home & Kitchen,Furniture,Office Chair,1,8500.0,0.0,8500.0,5700.0,2800.0,Credit Card,Delivered
ORD01173,2025-01-21,CUST0143,Customer 0143,Male,52,Lucknow,Uttar Pradesh,North,Electronics,Accessories,Smart Watch,2,4500.0,0.1,0.0,5400.0,0.0,UPI,Cancelled
ORD01254,2025-01-21,CUST0446,Customer 0446,Male,54,Jaipur,Rajasthan,North,Books,Education,Python Programming Book,2,1100.0,0.05,0.0,1040.0,0.0,Net Banking,Cancelled
ORD00787,2025-01-21,CUST0039,Customer 0039,Male,43,Coimbatore,Tamil Nadu,South,Electronics,Laptops,Laptop,1,52000.0,0.0,0.0,39000.0,0.0,Net Banking,Cancelled
ORD00635,2025-01-21,CUST0328,Customer 0328,Male,37,Patna,Bihar,East,Sports,Fitness,Dumbbells,2,2600.0,0.0,5200.0,2900.0,2300.0,Debit Card,Delivered
ORD01103,2025-01-21,CUST0458,Customer 0458,Male,58,Mumbai,Maharashtra,West,Fashion,Women,Kurti,1,1600.0,0.0,1600.0,800.0,800.0,Cash on Delivery,Delivered
ORD00922,2025-01-22,CUST0340,Customer 0340,Male,36,Lucknow,Uttar Pradesh,North,Fashion,Men,Casual Shirt,1,1400.0,0.15,1190.0,700.0,490.0,Cash on Delivery,Delivered
ORD00806,2025-01-22,CUST0279,Customer 0279,Male,60,Jaipur,Rajasthan,North,Home & Kitchen,Appliances,Mixer Grinder,2,3200.0,0.0,6400.0,4200.0,2200.0,Credit Card,Delivered
ORD00909,2025-01-22,CUST0346,Customer 0346,Female,41,Mumbai,Maharashtra,West,Books,Education,Python Programming Book,1,1100.0,0.1,0.0,520.0,0.0,Net Banking,Cancelled
ORD01194,2025-01-22,CUST0353,Customer 0353,Female,59,Kolkata,West Bengal,East,Electronics,Accessories,Smart Watch,1,4500.0,0.0,4500.0,2700.0,1800.0,UPI,Delivered
ORD00164,2025-01-22,CUST0270,Customer 0270,Female,46,Mumbai,Maharashtra,West,Electronics,Mobiles,Smartphone,1,18000.0,0.0,18000.0,12500.0,5500.0,Cash on Delivery,Delivered
ORD00450,2025-01-22,CUST0335,Customer 0335,Female,35,Coimbatore,Tamil Nadu,South,Home & Kitchen,Kitchen,Cookware Set,1,2800.0,0.0,2800.0,1650.0,1150.0,Credit Card,Delivered
ORD01416,2025-01-23,CUST0078,Customer 0078,Female,55,Hyderabad,Telangana,South,Electronics,Mobiles,Smartphone,1,18000.0,0.15,13005.0,12500.0,-980.0,Credit Card,Returned
ORD01298,2025-01-23,CUST0481,Customer 0481,Male,55,Bhubaneswar,Odisha,East,Beauty,Skincare,Face Serum,1,900.0,0.1,688.5,420.0,-136.5,Debit Card,Returned
ORD01386,2025-01-23,CUST0046,Customer 0046,Male,36,Pune,Maharashtra,West,Sports,Fitness,Yoga Mat,1,1200.0,0.05,1140.0,550.0,590.0,Debit Card,Delivered
ORD00991,2025-01-23,CUST0169,Customer 0169,Female,44,Jaipur,Rajasthan,North,Home & Kitchen,Furniture,Office Chair,1,8500.0,0.1,6502.5,5700.0,-682.5,Debit Card,Returned
ORD00894,2025-01-23,CUST0396,Customer 0396,Female,24,Kolkata,West Bengal,East,Beauty,Skincare,Face Serum,1,900.0,0.2,720.0,420.0,300.0,Debit Card,Delivered
ORD01383,2025-01-24,CUST0390,Customer 0390,Female,34,Kolkata,West Bengal,East,Sports,Fitness,Yoga Mat,1,1200.0,0.0,1020.0,550.0,-227.5,Credit Card,Returned
ORD00396,2025-01-24,CUST0441,Customer 0441,Male,40,Bengaluru,Karnataka,South,Electronics,Laptops,Laptop,1,52000.0,0.15,44200.0,39000.0,5200.0,Net Banking,Delivered
ORD00616,2025-01-25,CUST0249,Customer 0249,Male,55,Kolkata,West Bengal,East,Fashion,Men,Casual Shirt,1,1400.0,0.05,1330.0,700.0,630.0,Net Banking,Delivered
ORD00400,2025-01-25,CUST0382,Customer 0382,Female,53,Coimbatore,Tamil Nadu,South,Home & Kitchen,Appliances,Mixer Grinder,1,3200.0,0.05,3040.0,2100.0,940.0,Net Banking,Delivered
ORD01001,2025-01-25,CUST0357,Customer 0357,Male,58,Chennai,Tamil Nadu,South,Home & Kitchen,Appliances,Air Fryer,1,6500.0,0.0,6500.0,4200.0,2300.0,UPI,Delivered
ORD00233,2025-01-25,CUST0288,Customer 0288,Female,49,Bhubaneswar,Odisha,East,Electronics,Laptops,Laptop,1,52000.0,0.0,52000.0,39000.0,13000.0,Cash on Delivery,Delivered
ORD01242,2025-01-26,CUST0363,Customer 0363,Female,31,Mumbai,Maharashtra,West,Electronics,Accessories,Smart Watch,1,4500.0,0.15,0.0,2700.0,0.0,UPI,Cancelled
ORD00375,2025-01-26,CUST0267,Customer 0267,Male,25,Pune,Maharashtra,West,Fashion,Women,Kurti,2,1600.0,0.05,3040.0,1600.0,1440.0,Cash on Delivery,Delivered
ORD01106,2025-01-26,CUST0229,Customer 0229,Male,48,Jaipur,Rajasthan,North,Books,Education,Python Programming Book,2,1100.0,0.05,1776.5,1040.0,-367.5,Debit Card,Returned
ORD00805,2025-01-26,CUST0220,Customer 0220,Male,22,Pune,Maharashtra,West,Home & Kitchen,Furniture,Office Chair,1,8500.0,0.05,8075.0,5700.0,2375.0,UPI,Delivered
ORD00800,2025-01-26,CUST0299,Customer 0299,Female,59,Bhubaneswar,Odisha,East,Electronics,Accessories,Wireless Earbuds,1,2500.0,0.15,1806.25,1450.0,-236.25,Cash on Delivery,Returned
ORD00213,2025-01-26,CUST0121,Customer 0121,Male,59,Mumbai,Maharashtra,West,Fashion,Men,Casual Shirt,1,1400.0,0.1,1260.0,700.0,560.0,UPI,Delivered
ORD00783,2025-01-26,CUST0489,Customer 0489,Male,24,Pune,Maharashtra,West,Books,Education,Data Analytics Book,1,850.0,0.2,680.0,420.0,260.0,Cash on Delivery,Delivered
ORD00526,2025-01-26,CUST0198,Customer 0198,Male,35,Chennai,Tamil Nadu,South,Electronics,Laptops,Laptop,3,52000.0,0.05,125970.0,117000.0,-10920.0,Cash on Delivery,Returned
ORD01432,2025-01-26,CUST0230,Customer 0230,Male,49,Mumbai,Maharashtra,West,Beauty,Personal Care,Hair Dryer,1,2400.0,0.05,2280.0,1350.0,930.0,Credit Card,Delivered
ORD00634,2025-01-26,CUST0387,Customer 0387,Male,55,Patna,Bihar,East,Fashion,Footwear,Running Shoes,1,3200.0,0.05,3040.0,1750.0,1290.0,Net Banking,Delivered
ORD00739,2025-01-27,CUST0477,Customer 0477,Female,25,Mumbai,Maharashtra,West,Books,Education,Python Programming Book,2,1100.0,0.1,1980.0,1040.0,940.0,Credit Card,Delivered
ORD00581,2025-01-28,CUST0054,Customer 0054,Male,36,Pune,Maharashtra,West,Books,Education,Python Programming Book,1,1100.0,0.05,1045.0,520.0,525.0,UPI,Delivered
ORD00609,2025-01-28,CUST0037,Customer 0037,Female,52,Kolkata,West Bengal,East,Electronics,Mobiles,Smartphone,2,18000.0,0.15,30600.0,25000.0,5600.0,Credit Card,Delivered
ORD00280,2025-01-28,CUST0177,Customer 0177,Male,51,Ahmedabad,Gujarat,West,Electronics,Laptops,Laptop,2,52000.0,0.0,88400.0,78000.0,-9100.0,Credit Card,Returned
ORD01218,2025-01-28,CUST0333,Customer 0333,Female,22,Ahmedabad,Gujarat,West,Electronics,Accessories,Wireless Earbuds,1,2500.0,0.05,2375.0,1450.0,925.0,Debit Card,Delivered
ORD00928,2025-01-28,CUST0321,Customer 0321,Female,38,Madurai,Tamil Nadu,South,Fashion,Men,Casual Shirt,1,1400.0,0.15,1190.0,700.0,490.0,UPI,Delivered
ORD01389,2025-01-28,CUST0375,Customer 0375,Female,58,Patna,Bihar,East,Home & Kitchen,Appliances,Air Fryer,1,6500.0,0.0,6500.0,4200.0,2300.0,Cash on Delivery,Delivered
ORD00248,2025-01-28,CUST0350,Customer 0350,Female,49,Madurai,Tamil Nadu,South,Home & Kitchen,Furniture,Office Chair,1,8500.0,0.05,8075.0,5700.0,2375.0,Credit Card,Delivered
ORD00012,2025-01-28,CUST0033,Customer 0033,Female,40,Pune,Maharashtra,West,Fashion,Men,Casual Shirt,2,1400.0,0.1,2520.0,1400.0,1120.0,Net Banking,Delivered
ORD00088,2025-01-28,CUST0086,Customer 0086,Female,42,Pune,Maharashtra,West,Home & Kitchen,Appliances,Mixer Grinder,1,3200.0,0.05,0.0,2100.0,0.0,UPI,Cancelled
ORD01367,2025-01-28,CUST0450,Customer 0450,Male,22,Ahmedabad,Gujarat,West,Home & Kitchen,Appliances,Air Fryer,1,6500.0,0.1,0.0,4200.0,0.0,Credit Card,Cancelled
ORD00572,2025-01-29,CUST0163,Customer 0163,Male,44,Mumbai,Maharashtra,West,Home & Kitchen,Kitchen,Cookware Set,2,2800.0,0.05,5320.0,3300.0,2020.0,Cash on Delivery,Delivered
ORD01191,2025-01-29,CUST0467,Customer 0467,Female,43,Madurai,Tamil Nadu,South,Home & Kitchen,Appliances,Air Fryer,1,6500.0,0.05,5248.75,4200.0,-691.25,Credit Card,Returned
ORD00829,2025-01-29,CUST0289,Customer 0289,Male,38,Jaipur,Rajasthan,North,Books,Education,Python Programming Book,2,1100.0,0.0,2200.0,1040.0,1160.0,UPI,Delivered
ORD01207,2025-01-29,CUST0106,Customer 0106,Male,48,Jaipur,Rajasthan,North,Beauty,Skincare,Face Serum,1,900.0,0.05,855.0,420.0,435.0,Net Banking,Delivered
ORD01054,2025-01-30,CUST0322,Customer 0322,Female,33,Hyderabad,Telangana,South,Books,Education,Data Analytics Book,1,850.0,0.05,807.5,420.0,387.5,Net Banking,Delivered
ORD01270,2025-01-30,CUST0027,Customer 0027,Male,57,Bhubaneswar,Odisha,East,Sports,Fitness,Yoga Mat,1,1200.0,0.0,1200.0,550.0,650.0,Cash on Delivery,Delivered
ORD00772,2025-01-31,CUST0271,Customer 0271,Female,43,Ahmedabad,Gujarat,West,Beauty,Personal Care,Hair Dryer,1,2400.0,0.1,2160.0,1350.0,810.0,Credit Card,Delivered
ORD01296,2025-01-31,CUST0498,Customer 0498,Female,43,Ahmedabad,Gujarat,West,Fashion,Women,Kurti,2,1600.0,0.1,0.0,1600.0,0.0,Net Banking,Cancelled
ORD00895,2025-01-31,CUST0034,Customer 0034,Male,21,Bhubaneswar,Odisha,East,Beauty,Skincare,Face Serum,2,900.0,0.2,1440.0,840.0,600.0,Debit Card,Delivered
ORD00283,2025-02-01,CUST0068,Customer 0068,Female,39,Madurai,Tamil Nadu,South,Books,Education,Data Analytics Book,1,850.0,0.0,0.0,420.0,0.0,Net Banking,Cancelled
ORD01160,2025-02-01,CUST0228,Customer 0228,Female,44,Ahmedabad,Gujarat,West,Home & Kitchen,Kitchen,Cookware Set,3,2800.0,0.0,8400.0,4950.0,3450.0,Cash on Delivery,Delivered
ORD00494,2025-02-01,CUST0076,Customer 0076,Male,48,Mumbai,Maharashtra,West,Beauty,Personal Care,Hair Dryer,2,2400.0,0.05,4560.0,2700.0,1860.0,Net Banking,Delivered
ORD01072,2025-02-02,CUST0489,Customer 0489,Male,45,Bhubaneswar,Odisha,East,Electronics,Mobiles,Smartphone,1,18000.0,0.1,16200.0,12500.0,3700.0,UPI,Delivered
ORD01041,2025-02-02,CUST0068,Customer 0068,Male,45,Bengaluru,Karnataka,South,Beauty,Personal Care,Hair Dryer,2,2400.0,0.0,4080.0,2700.0,-735.0,Net Banking,Returned
ORD00080,2025-02-03,CUST0235,Customer 0235,Male,28,Kolkata,West Bengal,East,Home & Kitchen,Appliances,Mixer Grinder,1,3200.0,0.05,2584.0,2100.0,-329.0,Debit Card,Returned
ORD01236,2025-02-03,CUST0020,Customer 0020,Male,22,Chennai,Tamil Nadu,South,Sports,Fitness,Yoga Mat,1,1200.0,0.1,1080.0,550.0,530.0,UPI,Delivered
ORD00242,2025-02-03,CUST0233,Customer 0233,Male,46,Bengaluru,Karnataka,South,Electronics,Accessories,Smart Watch,1,4500.0,0.1,4050.0,2700.0,1350.0,Credit Card,Delivered
ORD01260,2025-02-03,CUST0069,Customer 0069,Male,30,Delhi,Delhi,North,Books,Education,Data Analytics Book,1,850.0,0.2,680.0,420.0,260.0,UPI,Delivered
ORD00052,2025-02-04,CUST0410,Customer 0410,Female,43,Madurai,Tamil Nadu,South,Books,Education,Python Programming Book,1,1100.0,0.1,990.0,520.0,470.0,Credit Card,Delivered
ORD01393,2025-02-04,CUST0477,Customer 0477,Male,35,Kolkata,West Bengal,East,Sports,Fitness,Dumbbells,2,2600.0,0.15,4420.0,2900.0,1520.0,Cash on Delivery,Delivered
ORD00780,2025-02-04,CUST0465,Customer 0465,Male,32,Chennai,Tamil Nadu,South,Fashion,Women,Kurti,4,1600.0,0.0,6400.0,3200.0,3200.0,UPI,Delivered
ORD01500,2025-02-04,CUST0371,Customer 0371,Female,37,Chennai,Tamil Nadu,South,Books,Education,Python Programming Book,3,1100.0,0.15,2805.0,1560.0,1245.0,Debit Card,Delivered
ORD00618,2025-02-04,CUST0433,Customer 0433,Female,60,Chennai,Tamil Nadu,South,Beauty,Skincare,Face Serum,2,900.0,0.0,1800.0,840.0,960.0,Credit Card,Delivered
ORD00598,2025-02-04,CUST0349,Customer 0349,Male,20,Jaipur,Rajasthan,North,Sports,Fitness,Yoga Mat,1,1200.0,0.05,1140.0,550.0,590.0,Credit Card,Delivered
ORD01429,2025-02-05,CUST0207,Customer 0207,Female,44,Bengaluru,Karnataka,South,Electronics,Accessories,Smart Watch,1,4500.0,0.05,0.0,2700.0,0.0,Debit Card,Cancelled
ORD00124,2025-02-05,CUST0303,Customer 0303,Male,37,Pune,Maharashtra,West,Sports,Fitness,Dumbbells,1,2600.0,0.1,2340.0,1450.0,890.0,Debit Card,Delivered
ORD01397,2025-02-05,CUST0146,Customer 0146,Male,18,Madurai,Tamil Nadu,South,Sports,Fitness,Yoga Mat,1,1200.0,0.05,1140.0,550.0,590.0,Cash on Delivery,Delivered
ORD00633,2025-02-05,CUST0134,Customer 0134,Male,42,Jaipur,Rajasthan,North,Electronics,Laptops,Laptop,1,52000.0,0.1,0.0,39000.0,0.0,UPI,Cancelled
ORD00484,2025-02-05,CUST0338,Customer 0338,Female,55,Bengaluru,Karnataka,South,Beauty,Skincare,Face Serum,1,900.0,0.15,0.0,420.0,0.0,Credit Card,Cancelled
ORD01405,2025-02-05,CUST0468,Customer 0468,Female,54,Kolkata,West Bengal,East,Fashion,Footwear,Running Shoes,2,3200.0,0.1,5760.0,3500.0,2260.0,Debit Card,Delivered
ORD00839,2025-02-06,CUST0182,Customer 0182,Female,39,Coimbatore,Tamil Nadu,South,Beauty,Personal Care,Hair Dryer,2,2400.0,0.1,4320.0,2700.0,1620.0,Debit Card,Delivered
ORD00347,2025-02-06,CUST0128,Customer 0128,Male,18,Hyderabad,Telangana,South,Electronics,Mobiles,Smartphone,1,18000.0,0.2,14400.0,12500.0,1900.0,Cash on Delivery,Delivered
ORD01269,2025-02-06,CUST0124,Customer 0124,Male,48,Kolkata,West Bengal,East,Beauty,Personal Care,Hair Dryer,1,2400.0,0.05,2280.0,1350.0,930.0,Cash on Delivery,Delivered
ORD01353,2025-02-06,CUST0397,Customer 0397,Female,60,Jaipur,Rajasthan,North,Home & Kitchen,Furniture,Office Chair,1,8500.0,0.0,8500.0,5700.0,2800.0,Cash on Delivery,Delivered
ORD00740,2025-02-07,CUST0494,Customer 0494,Female,52,Pune,Maharashtra,West,Electronics,Accessories,Smart Watch,1,4500.0,0.1,4050.0,2700.0,1350.0,Credit Card,Delivered
ORD00948,2025-02-07,CUST0450,Customer 0450,Male,58,Lucknow,Uttar Pradesh,North,Beauty,Personal Care,Hair Dryer,1,2400.0,0.15,2040.0,1350.0,690.0,Debit Card,Delivered
ORD01063,2025-02-07,CUST0435,Customer 0435,Male,25,Coimbatore,Tamil Nadu,South,Home & Kitchen,Kitchen,Cookware Set,1,2800.0,0.05,0.0,1650.0,0.0,Cash on Delivery,Cancelled
ORD00399,2025-02-07,CUST0453,Customer 0453,Male,40,Kolkata,West Bengal,East,Fashion,Accessories,Backpack,2,1800.0,0.1,3240.0,1900.0,1340.0,Credit Card,Delivered
ORD00756,2025-02-08,CUST0407,Customer 0407,Male,23,Kolkata,West Bengal,East,Home & Kitchen,Furniture,Office Chair,3,8500.0,0.15,21675.0,17100.0,4575.0,Credit Card,Delivered
ORD00826,2025-02-08,CUST0216,Customer 0216,Female,26,Bhubaneswar,Odisha,East,Fashion,Women,Kurti,3,1600.0,0.2,3264.0,2400.0,-504.0,Credit Card,Returned
ORD00576,2025-02-08,CUST0462,Customer 0462,Male,43,Delhi,Delhi,North,Sports,Fitness,Dumbbells,4,2600.0,0.05,0.0,5800.0,0.0,Credit Card,Cancelled
ORD00911,2025-02-08,CUST0289,Customer 0289,Male,35,Jaipur,Rajasthan,North,Books,Education,Python Programming Book,1,1100.0,0.15,0.0,520.0,0.0,UPI,Cancelled
ORD01396,2025-02-08,CUST0232,Customer 0232,Male,21,Madurai,Tamil Nadu,South,Sports,Fitness,Dumbbells,1,2600.0,0.05,2099.5,1450.0,-357.0,Debit Card,Returned
ORD00299,2025-02-08,CUST0210,Customer 0210,Male,50,Kolkata,West Bengal,East,Books,Education,Data Analytics Book,2,850.0,0.0,0.0,840.0,0.0,Debit Card,Cancelled
ORD00103,2025-02-08,CUST0179,Customer 0179,Female,59,Ahmedabad,Gujarat,West,Home & Kitchen,Kitchen,Cookware Set,1,2800.0,0.2,0.0,1650.0,0.0,Cash on Delivery,Cancelled
ORD00038,2025-02-08,CUST0306,Customer 0306,Male,41,Mumbai,Maharashtra,West,Sports,Fitness,Dumbbells,1,2600.0,0.15,2210.0,1450.0,760.0,Net Banking,Delivered
ORD01285,2025-02-08,CUST0204,Customer 0204,Female,32,Jaipur,Rajasthan,North,Sports,Fitness,Dumbbells,1,2600.0,0.0,2600.0,1450.0,1150.0,Credit Card,Delivered
ORD00870,2025-02-08,CUST0056,Customer 0056,Female,21,Patna,Bihar,East,Electronics,Accessories,Smart Watch,1,4500.0,0.0,4500.0,2700.0,1800.0,Net Banking,Delivered
ORD01428,2025-02-09,CUST0461,Customer 0461,Male,18,Mumbai,Maharashtra,West,Fashion,Footwear,Running Shoes,1,3200.0,0.15,2720.0,1750.0,970.0,Cash on Delivery,Delivered
ORD00187,2025-02-09,CUST0008,Customer 0008,Female,47,Bhubaneswar,Odisha,East,Books,Education,Python Programming Book,2,1100.0,0.0,2200.0,1040.0,1160.0,Credit Card,Delivered
ORD00391,2025-02-10,CUST0278,Customer 0278,Female,58,Lucknow,Uttar Pradesh,North,Fashion,Footwear,Running Shoes,1,3200.0,0.0,3200.0,1750.0,1450.0,Net Banking,Delivered
ORD00010,2025-02-10,CUST0327,Customer 0327,Male,41,Kolkata,West Bengal,East,Beauty,Skincare,Face Serum,1,900.0,0.0,900.0,420.0,480.0,UPI,Delivered
ORD01223,2025-02-10,CUST0360,Customer 0360,Female,31,Ahmedabad,Gujarat,West,Fashion,Accessories,Backpack,1,1800.0,0.05,0.0,950.0,0.0,Credit Card,Cancelled
ORD01149,2025-02-10,CUST0249,Customer 0249,Female,41,Mumbai,Maharashtra,West,Fashion,Footwear,Running Shoes,1,3200.0,0.0,3200.0,1750.0,1450.0,UPI,Delivered
ORD00668,2025-02-10,CUST0209,Customer 0209,Female,19,Kolkata,West Bengal,East,Sports,Fitness,Dumbbells,1,2600.0,0.15,2210.0,1450.0,760.0,Cash on Delivery,Delivered
ORD01370,2025-02-11,CUST0465,Customer 0465,Female,41,Madurai,Tamil Nadu,South,Books,Education,Data Analytics Book,1,850.0,0.2,680.0,420.0,260.0,UPI,Delivered
ORD01079,2025-02-12,CUST0438,Customer 0438,Female,35,Bhubaneswar,Odisha,East,Electronics,Accessories,Wireless Earbuds,1,2500.0,0.15,2125.0,1450.0,675.0,Net Banking,Delivered
ORD01178,2025-02-12,CUST0133,Customer 0133,Male,58,Delhi,Delhi,North,Fashion,Footwear,Running Shoes,1,3200.0,0.2,2560.0,1750.0,810.0,Cash on Delivery,Delivered
ORD00666,2025-02-12,CUST0180,Customer 0180,Female,23,Jaipur,Rajasthan,North,Books,Education,Python Programming Book,1,1100.0,0.05,888.25,520.0,-183.75,Credit Card,Returned
ORD00818,2025-02-13,CUST0379,Customer 0379,Female,20,Jaipur,Rajasthan,North,Home & Kitchen,Appliances,Air Fryer,1,6500.0,0.15,0.0,4200.0,0.0,Cash on Delivery,Cancelled
ORD01325,2025-02-13,CUST0467,Customer 0467,Male,23,Patna,Bihar,East,Fashion,Women,Kurti,1,1600.0,0.1,1440.0,800.0,640.0,Net Banking,Delivered
ORD01074,2025-02-13,CUST0497,Customer 0497,Male,35,Hyderabad,Telangana,South,Books,Education,Python Programming Book,2,1100.0,0.0,0.0,1040.0,0.0,UPI,Cancelled
ORD01026,2025-02-13,CUST0396,Customer 0396,Male,55,Delhi,Delhi,North,Beauty,Personal Care,Hair Dryer,1,2400.0,0.05,2280.0,1350.0,930.0,UPI,Delivered
ORD01295,2025-02-13,CUST0014,Customer 0014,Female,53,Bhubaneswar,Odisha,East,Sports,Fitness,Yoga Mat,4,1200.0,0.1,4320.0,2200.0,2120.0,Debit Card,Delivered
ORD01306,2025-02-13,CUST0290,Customer 0290,Male,46,Bhubaneswar,Odisha,East,Fashion,Accessories,Backpack,1,1800.0,0.2,1440.0,950.0,490.0,Debit Card,Delivered
ORD00745,2025-02-14,CUST0271,Customer 0271,Female,23,Mumbai,Maharashtra,West,Books,Education,Python Programming Book,2,1100.0,0.0,2200.0,1040.0,1160.0,Credit Card,Delivered
ORD00372,2025-02-14,CUST0413,Customer 0413,Male,46,Ahmedabad,Gujarat,West,Home & Kitchen,Kitchen,Cookware Set,1,2800.0,0.05,2660.0,1650.0,1010.0,Credit Card,Delivered
ORD00796,2025-02-14,CUST0067,Customer 0067,Female,29,Hyderabad,Telangana,South,Home & Kitchen,Appliances,Mixer Grinder,3,3200.0,0.0,8160.0,6300.0,-1155.0,Net Banking,Returned
ORD00017,2025-02-14,CUST0028,Customer 0028,Female,37,Coimbatore,Tamil Nadu,South,Fashion,Women,Kurti,1,1600.0,0.0,1600.0,800.0,800.0,Debit Card,Delivered
ORD00923,2025-02-14,CUST0146,Customer 0146,Female,59,Kolkata,West Bengal,East,Home & Kitchen,Kitchen,Cookware Set,1,2800.0,0.0,2380.0,1650.0,-402.5,Debit Card,Returned
ORD00884,2025-02-15,CUST0179,Customer 0179,Female,56,Jaipur,Rajasthan,North,Sports,Fitness,Dumbbells,2,2600.0,0.05,4940.0,2900.0,2040.0,Net Banking,Delivered
ORD00611,2025-02-15,CUST0085,Customer 0085,Female,57,Madurai,Tamil Nadu,South,Beauty,Skincare,Face Serum,1,900.0,0.1,688.5,420.0,-136.5,Net Banking,Returned
ORD01479,2025-02-15,CUST0009,Customer 0009,Male,28,Bhubaneswar,Odisha,East,Fashion,Accessories,Backpack,3,1800.0,0.1,4860.0,2850.0,2010.0,UPI,Delivered
ORD00300,2025-02-15,CUST0035,Customer 0035,Male,47,Lucknow,Uttar Pradesh,North,Electronics,Laptops,Laptop,1,52000.0,0.15,37570.0,39000.0,-1820.0,Debit Card,Returned
ORD00070,2025-02-15,CUST0256,Customer 0256,Male,42,Kolkata,West Bengal,East,Sports,Fitness,Dumbbells,1,2600.0,0.2,2080.0,1450.0,630.0,Credit Card,Delivered
ORD00414,2025-02-16,CUST0182,Customer 0182,Male,32,Delhi,Delhi,North,Home & Kitchen,Appliances,Mixer Grinder,1,3200.0,0.2,2560.0,2100.0,460.0,Debit Card,Delivered
ORD01459,2025-02-16,CUST0200,Customer 0200,Male,33,Delhi,Delhi,North,Fashion,Men,Casual Shirt,1,1400.0,0.05,1330.0,700.0,630.0,Credit Card,Delivered
ORD01016,2025-02-16,CUST0337,Customer 0337,Male,43,Patna,Bihar,East,Beauty,Personal Care,Hair Dryer,1,2400.0,0.1,2160.0,1350.0,810.0,Debit Card,Delivered
ORD00095,2025-02-16,CUST0293,Customer 0293,Female,28,Chennai,Tamil Nadu,South,Fashion,Accessories,Backpack,2,1800.0,0.15,2601.0,1900.0,-406.0,Cash on Delivery,Returned
ORD00287,2025-02-16,CUST0042,Customer 0042,Female,37,Ahmedabad,Gujarat,West,Fashion,Men,Casual Shirt,1,1400.0,0.15,1190.0,700.0,490.0,Cash on Delivery,Delivered
ORD00555,2025-02-16,CUST0106,Customer 0106,Female,21,Lucknow,Uttar Pradesh,North,Electronics,Mobiles,Smartphone,1,18000.0,0.15,15300.0,12500.0,2800.0,Cash on Delivery,Delivered
ORD01362,2025-02-17,CUST0359,Customer 0359,Female,35,Chennai,Tamil Nadu,South,Fashion,Men,Casual Shirt,2,1400.0,0.15,2380.0,1400.0,980.0,Cash on Delivery,Delivered
ORD01000,2025-02-17,CUST0060,Customer 0060,Male,18,Pune,Maharashtra,West,Fashion,Women,Kurti,1,1600.0,0.1,1440.0,800.0,640.0,UPI,Delivered
ORD01304,2025-02-17,CUST0445,Customer 0445,Male,37,Lucknow,Uttar Pradesh,North,Beauty,Skincare,Face Serum,1,900.0,0.1,810.0,420.0,390.0,Credit Card,Delivered
ORD01291,2025-02-18,CUST0269,Customer 0269,Male,19,Mumbai,Maharashtra,West,Books,Education,Data Analytics Book,1,850.0,0.05,807.5,420.0,387.5,Net Banking,Delivered
ORD01089,2025-02-18,CUST0429,Customer 0429,Male,46,Pune,Maharashtra,West,Electronics,Mobiles,Smartphone,1,18000.0,0.1,0.0,12500.0,0.0,Cash on Delivery,Cancelled
ORD00678,2025-02-18,CUST0200,Customer 0200,Male,56,Mumbai,Maharashtra,West,Electronics,Mobiles,Smartphone,1,18000.0,0.0,18000.0,12500.0,5500.0,Cash on Delivery,Delivered
ORD01017,2025-02-19,CUST0374,Customer 0374,Female,22,Chennai,Tamil Nadu,South,Fashion,Men,Casual Shirt,1,1400.0,0.0,1190.0,700.0,-245.0,Debit Card,Returned
ORD00640,2025-02-19,CUST0070,Customer 0070,Male,32,Kolkata,West Bengal,East,Books,Education,Python Programming Book,1,1100.0,0.05,0.0,520.0,0.0,Credit Card,Cancelled
ORD01272,2025-02-19,CUST0016,Customer 0016,Male,31,Hyderabad,Telangana,South,Beauty,Personal Care,Hair Dryer,1,2400.0,0.1,0.0,1350.0,0.0,Net Banking,Cancelled
ORD00808,2025-02-19,CUST0425,Customer 0425,Female,45,Mumbai,Maharashtra,West,Beauty,Personal Care,Hair Dryer,1,2400.0,0.1,2160.0,1350.0,810.0,Credit Card,Delivered
ORD00471,2025-02-19,CUST0166,Customer 0166,Male,31,Hyderabad,Telangana,South,Fashion,Accessories,Backpack,1,1800.0,0.15,1530.0,950.0,580.0,Debit Card,Delivered
ORD01125,2025-02-20,CUST0183,Customer 0183,Female,60,Ahmedabad,Gujarat,West,Electronics,Mobiles,Smartphone,1,18000.0,0.0,0.0,12500.0,0.0,Debit Card,Cancelled
ORD00079,2025-02-20,CUST0184,Customer 0184,Male,27,Patna,Bihar,East,Fashion,Women,Kurti,2,1600.0,0.15,2720.0,1600.0,1120.0,UPI,Delivered
ORD00695,2025-02-20,CUST0120,Customer 0120,Female,38,Mumbai,Maharashtra,West,Books,Education,Data Analytics Book,2,850.0,0.05,1615.0,840.0,775.0,Net Banking,Delivered
ORD01317,2025-02-20,CUST0045,Customer 0045,Female,45,Coimbatore,Tamil Nadu,South,Electronics,Accessories,Smart Watch,1,4500.0,0.0,4500.0,2700.0,1800.0,Debit Card,Delivered
ORD00122,2025-02-20,CUST0291,Customer 0291,Female,41,Hyderabad,Telangana,South,Electronics,Accessories,Wireless Earbuds,1,2500.0,0.0,2500.0,1450.0,1050.0,Debit Card,Delivered
ORD00208,2025-02-20,CUST0275,Customer 0275,Female,31,Bengaluru,Karnataka,South,Fashion,Footwear,Running Shoes,1,3200.0,0.2,2176.0,1750.0,-283.5,Net Banking,Returned
ORD00334,2025-02-20,CUST0492,Customer 0492,Male,28,Coimbatore,Tamil Nadu,South,Beauty,Skincare,Face Serum,1,900.0,0.1,0.0,420.0,0.0,Cash on Delivery,Cancelled
ORD00482,2025-02-21,CUST0126,Customer 0126,Male,57,Mumbai,Maharashtra,West,Fashion,Women,Kurti,1,1600.0,0.1,1440.0,800.0,640.0,Cash on Delivery,Delivered
ORD00975,2025-02-21,CUST0428,Customer 0428,Female,54,Delhi,Delhi,North,Fashion,Men,Casual Shirt,2,1400.0,0.05,0.0,1400.0,0.0,Net Banking,Cancelled
ORD00209,2025-02-21,CUST0291,Customer 0291,Female,33,Bengaluru,Karnataka,South,Sports,Fitness,Dumbbells,2,2600.0,0.2,4160.0,2900.0,1260.0,Credit Card,Delivered
ORD00352,2025-02-22,CUST0437,Customer 0437,Male,38,Mumbai,Maharashtra,West,Home & Kitchen,Furniture,Office Chair,2,8500.0,0.1,13005.0,11400.0,-1365.0,Debit Card,Returned
ORD00855,2025-02-22,CUST0364,Customer 0364,Female,42,Pune,Maharashtra,West,Home & Kitchen,Furniture,Office Chair,1,8500.0,0.2,6800.0,5700.0,1100.0,Cash on Delivery,Delivered
ORD00354,2025-02-22,CUST0260,Customer 0260,Male,40,Patna,Bihar,East,Books,Education,Python Programming Book,2,1100.0,0.1,0.0,1040.0,0.0,Credit Card,Cancelled
ORD00952,2025-02-22,CUST0155,Customer 0155,Female,57,Lucknow,Uttar Pradesh,North,Electronics,Accessories,Wireless Earbuds,1,2500.0,0.0,2500.0,1450.0,1050.0,Cash on Delivery,Delivered
ORD00542,2025-02-23,CUST0018,Customer 0018,Male,43,Delhi,Delhi,North,Fashion,Women,Kurti,1,1600.0,0.05,1520.0,800.0,720.0,UPI,Delivered
ORD00664,2025-02-24,CUST0119,Customer 0119,Female,31,Hyderabad,Telangana,South,Electronics,Laptops,Laptop,2,52000.0,0.1,79560.0,78000.0,-5460.0,Net Banking,Returned
ORD01283,2025-02-24,CUST0329,Customer 0329,Female,39,Lucknow,Uttar Pradesh,North,Home & Kitchen,Kitchen,Cookware Set,1,2800.0,0.0,2800.0,1650.0,1150.0,Credit Card,Delivered
ORD00500,2025-02-24,CUST0201,Customer 0201,Female,27,Lucknow,Uttar Pradesh,North,Sports,Fitness,Dumbbells,1,2600.0,0.0,0.0,1450.0,0.0,Cash on Delivery,Cancelled
ORD01441,2025-02-24,CUST0311,Customer 0311,Male,43,Delhi,Delhi,North,Fashion,Men,Casual Shirt,1,1400.0,0.0,0.0,700.0,0.0,UPI,Cancelled
ORD00921,2025-02-25,CUST0158,Customer 0158,Female,56,Jaipur,Rajasthan,North,Electronics,Mobiles,Smartphone,1,18000.0,0.05,17100.0,12500.0,4600.0,Cash on Delivery,Delivered
ORD00504,2025-02-25,CUST0493,Customer 0493,Female,25,Jaipur,Rajasthan,North,Home & Kitchen,Kitchen,Cookware Set,1,2800.0,0.0,2800.0,1650.0,1150.0,UPI,Delivered
ORD00980,2025-02-26,CUST0242,Customer 0242,Female,25,Mumbai,Maharashtra,West,Books,Education,Data Analytics Book,1,850.0,0.2,0.0,420.0,0.0,Credit Card,Cancelled
ORD01005,2025-02-26,CUST0046,Customer 0046,Female,32,Madurai,Tamil Nadu,South,Fashion,Footwear,Running Shoes,1,3200.0,0.05,3040.0,1750.0,1290.0,UPI,Delivered
ORD00662,2025-02-27,CUST0097,Customer 0097,Male,40,Mumbai,Maharashtra,West,Sports,Fitness,Yoga Mat,1,1200.0,0.05,1140.0,550.0,590.0,Credit Card,Delivered
ORD01209,2025-02-27,CUST0364,Customer 0364,Male,25,Coimbatore,Tamil Nadu,South,Electronics,Mobiles,Smartphone,1,18000.0,0.15,13005.0,12500.0,-980.0,Cash on Delivery,Returned
ORD00872,2025-02-27,CUST0007,Customer 0007,Female,56,Lucknow,Uttar Pradesh,North,Electronics,Mobiles,Smartphone,2,18000.0,0.0,36000.0,25000.0,11000.0,Credit Card,Delivered
ORD00416,2025-02-27,CUST0082,Customer 0082,Female,37,Coimbatore,Tamil Nadu,South,Home & Kitchen,Appliances,Air Fryer,1,6500.0,0.05,6175.0,4200.0,1975.0,UPI,Delivered
ORD00497,2025-02-27,CUST0174,Customer 0174,Female,25,Bhubaneswar,Odisha,East,Books,Education,Data Analytics Book,1,850.0,0.2,0.0,420.0,0.0,Debit Card,Cancelled
ORD00065,2025-02-27,CUST0303,Customer 0303,Male,33,Mumbai,Maharashtra,West,Home & Kitchen,Appliances,Air Fryer,1,6500.0,0.2,5200.0,4200.0,1000.0,Net Banking,Delivered
ORD00431,2025-02-27,CUST0168,Customer 0168,Female,60,Coimbatore,Tamil Nadu,South,Electronics,Laptops,Laptop,1,52000.0,0.1,46800.0,39000.0,7800.0,Net Banking,Delivered
ORD01075,2025-02-28,CUST0235,Customer 0235,Male,49,Delhi,Delhi,North,Home & Kitchen,Appliances,Mixer Grinder,1,3200.0,0.2,2560.0,2100.0,460.0,Credit Card,Delivered
ORD01368,2025-02-28,CUST0199,Customer 0199,Female,51,Lucknow,Uttar Pradesh,North,Fashion,Women,Kurti,3,1600.0,0.0,4800.0,2400.0,2400.0,Debit Card,Delivered
ORD01486,2025-02-28,CUST0270,Customer 0270,Male,38,Bengaluru,Karnataka,South,Fashion,Men,Casual Shirt,1,1400.0,0.0,1400.0,700.0,700.0,Debit Card,Delivered
ORD01042,2025-02-28,CUST0278,Customer 0278,Male,26,Lucknow,Uttar Pradesh,North,Sports,Fitness,Dumbbells,2,2600.0,0.1,4680.0,2900.0,1780.0,UPI,Delivered
ORD00789,2025-02-28,CUST0495,Customer 0495,Male,37,Patna,Bihar,East,Beauty,Personal Care,Hair Dryer,2,2400.0,0.0,4800.0,2700.0,2100.0,Credit Card,Delivered
ORD00533,2025-03-01,CUST0453,Customer 0453,Female,23,Bhubaneswar,Odisha,East,Home & Kitchen,Furniture,Office Chair,1,8500.0,0.15,0.0,5700.0,0.0,Credit Card,Cancelled
ORD01099,2025-03-02,CUST0414,Customer 0414,Female,38,Bhubaneswar,Odisha,East,Electronics,Accessories,Wireless Earbuds,2,2500.0,0.15,4250.0,2900.0,1350.0,Cash on Delivery,Delivered
ORD00469,2025-03-02,CUST0074,Customer 0074,Male,60,Delhi,Delhi,North,Electronics,Accessories,Smart Watch,1,4500.0,0.1,4050.0,2700.0,1350.0,UPI,Delivered
ORD00082,2025-03-02,CUST0466,Customer 0466,Female,59,Madurai,Tamil Nadu,South,Books,Education,Python Programming Book,1,1100.0,0.0,1100.0,520.0,580.0,Net Banking,Delivered
ORD00987,2025-03-02,CUST0479,Customer 0479,Male,19,Kolkata,West Bengal,East,Beauty,Skincare,Face Serum,1,900.0,0.05,855.0,420.0,435.0,UPI,Delivered
ORD00148,2025-03-02,CUST0440,Customer 0440,Male,41,Kolkata,West Bengal,East,Home & Kitchen,Appliances,Mixer Grinder,1,3200.0,0.1,0.0,2100.0,0.0,Debit Card,Cancelled
ORD00152,2025-03-03,CUST0486,Customer 0486,Male,42,Coimbatore,Tamil Nadu,South,Books,Education,Python Programming Book,4,1100.0,0.15,3740.0,2080.0,1660.0,UPI,Delivered
ORD00797,2025-03-03,CUST0141,Customer 0141,Male,52,Madurai,Tamil Nadu,South,Fashion,Men,Casual Shirt,1,1400.0,0.1,1260.0,700.0,560.0,UPI,Delivered
ORD00453,2025-03-03,CUST0124,Customer 0124,Female,32,Lucknow,Uttar Pradesh,North,Fashion,Footwear,Running Shoes,2,3200.0,0.05,0.0,3500.0,0.0,UPI,Cancelled
ORD00101,2025-03-03,CUST0402,Customer 0402,Female,25,Madurai,Tamil Nadu,South,Beauty,Personal Care,Hair Dryer,1,2400.0,0.15,2040.0,1350.0,690.0,Debit Card,Delivered
ORD01401,2025-03-03,CUST0340,Customer 0340,Male,46,Patna,Bihar,East,Beauty,Skincare,Face Serum,2,900.0,0.1,1620.0,840.0,780.0,Credit Card,Delivered
ORD01172,2025-03-03,CUST0026,Customer 0026,Female,25,Bhubaneswar,Odisha,East,Fashion,Accessories,Backpack,2,1800.0,0.1,0.0,1900.0,0.0,UPI,Cancelled
ORD00931,2025-03-03,CUST0245,Customer 0245,Male,25,Coimbatore,Tamil Nadu,South,Fashion,Men,Casual Shirt,2,1400.0,0.2,2240.0,1400.0,840.0,Credit Card,Delivered
ORD00011,2025-03-04,CUST0419,Customer 0419,Male,22,Kolkata,West Bengal,East,Home & Kitchen,Kitchen,Cookware Set,2,2800.0,0.1,5040.0,3300.0,1740.0,Credit Card,Delivered
ORD01144,2025-03-04,CUST0280,Customer 0280,Female,26,Lucknow,Uttar Pradesh,North,Fashion,Accessories,Backpack,1,1800.0,0.0,1530.0,950.0,-297.5,Net Banking,Returned
ORD01344,2025-03-04,CUST0222,Customer 0222,Female,21,Chennai,Tamil Nadu,South,Home & Kitchen,Appliances,Mixer Grinder,1,3200.0,0.0,3200.0,2100.0,1100.0,Credit Card,Delivered
ORD00131,2025-03-05,CUST0307,Customer 0307,Male,53,Chennai,Tamil Nadu,South,Beauty,Personal Care,Hair Dryer,1,2400.0,0.2,1920.0,1350.0,570.0,Debit Card,Delivered
ORD00763,2025-03-05,CUST0442,Customer 0442,Male,44,Patna,Bihar,East,Electronics,Accessories,Wireless Earbuds,1,2500.0,0.1,1912.5,1450.0,-280.0,UPI,Returned
ORD00879,2025-03-05,CUST0016,Customer 0016,Male,33,Jaipur,Rajasthan,North,Books,Education,Data Analytics Book,2,850.0,0.0,1700.0,840.0,860.0,Debit Card,Delivered
ORD00612,2025-03-06,CUST0427,Customer 0427,Male,40,Delhi,Delhi,North,Fashion,Men,Casual Shirt,1,1400.0,0.05,0.0,700.0,0.0,Net Banking,Cancelled
ORD00421,2025-03-06,CUST0079,Customer 0079,Male,39,Kolkata,West Bengal,East,Electronics,Laptops,Laptop,1,52000.0,0.05,49400.0,39000.0,10400.0,Debit Card,Delivered
ORD00203,2025-03-06,CUST0403,Customer 0403,Female,46,Hyderabad,Telangana,South,Sports,Fitness,Yoga Mat,1,1200.0,0.05,1140.0,550.0,590.0,UPI,Delivered
ORD01312,2025-03-06,CUST0362,Customer 0362,Female,34,Pune,Maharashtra,West,Electronics,Laptops,Laptop,1,52000.0,0.05,41990.0,39000.0,-3640.0,Credit Card,Returned
ORD00077,2025-03-07,CUST0226,Customer 0226,Female,51,Hyderabad,Telangana,South,Beauty,Personal Care,Hair Dryer,2,2400.0,0.2,3840.0,2700.0,1140.0,Credit Card,Delivered
ORD00350,2025-03-07,CUST0380,Customer 0380,Female,55,Mumbai,Maharashtra,West,Sports,Fitness,Dumbbells,1,2600.0,0.1,2340.0,1450.0,890.0,Cash on Delivery,Delivered
ORD00682,2025-03-07,CUST0279,Customer 0279,Male,19,Jaipur,Rajasthan,North,Sports,Fitness,Dumbbells,1,2600.0,0.05,2470.0,1450.0,1020.0,Cash on Delivery,Delivered
ORD00755,2025-03-07,CUST0441,Customer 0441,Female,33,Bhubaneswar,Odisha,East,Home & Kitchen,Furniture,Office Chair,3,8500.0,0.0,25500.0,17100.0,8400.0,UPI,Delivered
ORD00926,2025-03-07,CUST0363,Customer 0363,Male,27,Bhubaneswar,Odisha,East,Electronics,Mobiles,Smartphone,2,18000.0,0.05,34200.0,25000.0,9200.0,Cash on Delivery,Delivered
ORD00511,2025-03-08,CUST0073,Customer 0073,Female,37,Delhi,Delhi,North,Electronics,Laptops,Laptop,1,52000.0,0.05,49400.0,39000.0,10400.0,Credit Card,Delivered
ORD00089,2025-03-08,CUST0111,Customer 0111,Female,51,Bhubaneswar,Odisha,East,Electronics,Accessories,Smart Watch,1,4500.0,0.05,4275.0,2700.0,1575.0,UPI,Delivered
ORD01321,2025-03-08,CUST0467,Customer 0467,Female,52,Pune,Maharashtra,West,Fashion,Women,Kurti,2,1600.0,0.2,2560.0,1600.0,960.0,UPI,Delivered
ORD00625,2025-03-08,CUST0478,Customer 0478,Male,28,Delhi,Delhi,North,Home & Kitchen,Kitchen,Cookware Set,1,2800.0,0.0,2800.0,1650.0,1150.0,Debit Card,Delivered
ORD01192,2025-03-08,CUST0019,Customer 0019,Female,34,Bengaluru,Karnataka,South,Electronics,Laptops,Laptop,1,52000.0,0.05,49400.0,39000.0,10400.0,Cash on Delivery,Delivered
ORD01231,2025-03-09,CUST0349,Customer 0349,Female,50,Pune,Maharashtra,West,Books,Education,Data Analytics Book,1,850.0,0.05,686.38,420.0,-135.62,UPI,Returned
ORD00214,2025-03-09,CUST0167,Customer 0167,Female,42,Jaipur,Rajasthan,North,Home & Kitchen,Appliances,Mixer Grinder,1,3200.0,0.15,2720.0,2100.0,620.0,Credit Card,Delivered
ORD01278,2025-03-09,CUST0001,Customer 0001,Male,59,Pune,Maharashtra,West,Fashion,Footwear,Running Shoes,1,3200.0,0.05,3040.0,1750.0,1290.0,Cash on Delivery,Delivered
ORD01124,2025-03-09,CUST0311,Customer 0311,Male,23,Bhubaneswar,Odisha,East,Electronics,Mobiles,Smartphone,1,18000.0,0.0,18000.0,12500.0,5500.0,UPI,Delivered
ORD01431,2025-03-09,CUST0462,Customer 0462,Male,46,Bengaluru,Karnataka,South,Home & Kitchen,Appliances,Mixer Grinder,1,3200.0,0.0,3200.0,2100.0,1100.0,Credit Card,Delivered
ORD01252,2025-03-09,CUST0138,Customer 0138,Female,45,Chennai,Tamil Nadu,South,Books,Education,Data Analytics Book,2,850.0,0.1,1530.0,840.0,690.0,UPI,Delivered
ORD01438,2025-03-10,CUST0392,Customer 0392,Female,29,Pune,Maharashtra,West,Fashion,Footwear,Running Shoes,1,3200.0,0.15,2720.0,1750.0,970.0,Credit Card,Delivered
ORD00846,2025-03-10,CUST0121,Customer 0121,Male,52,Pune,Maharashtra,West,Beauty,Skincare,Face Serum,1,900.0,0.05,855.0,420.0,435.0,Net Banking,Delivered
ORD00397,2025-03-10,CUST0313,Customer 0313,Male,23,Ahmedabad,Gujarat,West,Beauty,Skincare,Face Serum,1,900.0,0.1,810.0,420.0,390.0,Net Banking,Delivered
ORD01493,2025-03-10,CUST0483,Customer 0483,Female,31,Coimbatore,Tamil Nadu,South,Fashion,Women,Kurti,1,1600.0,0.05,1520.0,800.0,720.0,Cash on Delivery,Delivered
ORD00435,2025-03-10,CUST0312,Customer 0312,Female,40,Madurai,Tamil Nadu,South,Electronics,Accessories,Smart Watch,1,4500.0,0.2,3600.0,2700.0,900.0,UPI,Delivered
ORD00278,2025-03-10,CUST0403,Customer 0403,Male,42,Hyderabad,Telangana,South,Books,Education,Python Programming Book,1,1100.0,0.0,1100.0,520.0,580.0,Net Banking,Delivered
ORD00550,2025-03-11,CUST0009,Customer 0009,Female,21,Pune,Maharashtra,West,Home & Kitchen,Appliances,Air Fryer,2,6500.0,0.15,11050.0,8400.0,2650.0,Credit Card,Delivered
ORD00712,2025-03-12,CUST0074,Customer 0074,Male,32,Hyderabad,Telangana,South,Electronics,Mobiles,Smartphone,2,18000.0,0.15,30600.0,25000.0,5600.0,Net Banking,Delivered
ORD00685,2025-03-12,CUST0155,Customer 0155,Male,60,Madurai,Tamil Nadu,South,Home & Kitchen,Kitchen,Cookware Set,1,2800.0,0.1,2520.0,1650.0,870.0,Net Banking,Delivered
ORD01452,2025-03-12,CUST0045,Customer 0045,Male,59,Chennai,Tamil Nadu,South,Fashion,Accessories,Backpack,2,1800.0,0.0,3600.0,1900.0,1700.0,Cash on Delivery,Delivered
ORD00914,2025-03-12,CUST0088,Customer 0088,Female,57,Coimbatore,Tamil Nadu,South,Books,Education,Python Programming Book,1,1100.0,0.05,1045.0,520.0,525.0,Cash on Delivery,Delivered
ORD00544,2025-03-13,CUST0063,Customer 0063,Female,29,Lucknow,Uttar Pradesh,North,Sports,Fitness,Yoga Mat,2,1200.0,0.05,1938.0,1100.0,-413.0,Net Banking,Returned
ORD00492,2025-03-13,CUST0191,Customer 0191,Female,45,Kolkata,West Bengal,East,Home & Kitchen,Furniture,Office Chair,1,8500.0,0.1,6502.5,5700.0,-682.5,Net Banking,Returned
ORD01233,2025-03-15,CUST0479,Customer 0479,Female,49,Ahmedabad,Gujarat,West,Sports,Fitness,Dumbbells,1,2600.0,0.0,2600.0,1450.0,1150.0,Credit Card,Delivered
ORD01021,2025-03-15,CUST0129,Customer 0129,Male,48,Kolkata,West Bengal,East,Electronics,Accessories,Wireless Earbuds,1,2500.0,0.1,2250.0,1450.0,800.0,Debit Card,Delivered
ORD00162,2025-03-15,CUST0060,Customer 0060,Male,47,Patna,Bihar,East,Home & Kitchen,Furniture,Office Chair,1,8500.0,0.15,7225.0,5700.0,1525.0,Net Banking,Delivered
ORD01110,2025-03-16,CUST0319,Customer 0319,Male,58,Chennai,Tamil Nadu,South,Electronics,Laptops,Laptop,1,52000.0,0.1,46800.0,39000.0,7800.0,Credit Card,Delivered
ORD00580,2025-03-16,CUST0011,Customer 0011,Female,58,Bhubaneswar,Odisha,East,Electronics,Accessories,Smart Watch,3,4500.0,0.1,12150.0,8100.0,4050.0,Net Banking,Delivered
ORD01107,2025-03-17,CUST0057,Customer 0057,Female,29,Chennai,Tamil Nadu,South,Home & Kitchen,Kitchen,Cookware Set,1,2800.0,0.0,2800.0,1650.0,1150.0,Net Banking,Delivered
ORD00046,2025-03-17,CUST0185,Customer 0185,Male,31,Pune,Maharashtra,West,Electronics,Accessories,Wireless Earbuds,1,2500.0,0.0,2125.0,1450.0,-367.5,Cash on Delivery,Returned
ORD00546,2025-03-17,CUST0458,Customer 0458,Male,54,Bengaluru,Karnataka,South,Sports,Fitness,Yoga Mat,1,1200.0,0.05,969.0,550.0,-206.5,Net Banking,Returned
ORD00310,2025-03-17,CUST0472,Customer 0472,Female,44,Kolkata,West Bengal,East,Electronics,Accessories,Smart Watch,1,4500.0,0.1,4050.0,2700.0,1350.0,UPI,Delivered
ORD00827,2025-03-18,CUST0292,Customer 0292,Male,22,Pune,Maharashtra,West,Books,Education,Python Programming Book,3,1100.0,0.2,0.0,1560.0,0.0,UPI,Cancelled
ORD00927,2025-03-18,CUST0344,Customer 0344,Female,50,Hyderabad,Telangana,South,Electronics,Accessories,Smart Watch,3,4500.0,0.0,13500.0,8100.0,5400.0,Credit Card,Delivered
ORD00985,2025-03-19,CUST0299,Customer 0299,Female,36,Hyderabad,Telangana,South,Home & Kitchen,Appliances,Air Fryer,1,6500.0,0.0,6500.0,4200.0,2300.0,Net Banking,Delivered
ORD01360,2025-03-19,CUST0015,Customer 0015,Female,49,Patna,Bihar,East,Electronics,Laptops,Laptop,1,52000.0,0.0,52000.0,39000.0,13000.0,Net Banking,Delivered
ORD01492,2025-03-19,CUST0208,Customer 0208,Male,34,Coimbatore,Tamil Nadu,South,Beauty,Skincare,Face Serum,2,900.0,0.05,1710.0,840.0,870.0,Cash on Delivery,Delivered
ORD01102,2025-03-19,CUST0236,Customer 0236,Female,25,Coimbatore,Tamil Nadu,South,Electronics,Laptops,Laptop,1,52000.0,0.1,46800.0,39000.0,7800.0,Credit Card,Delivered
ORD00665,2025-03-20,CUST0169,Customer 0169,Male,40,Jaipur,Rajasthan,North,Electronics,Accessories,Wireless Earbuds,1,2500.0,0.1,2250.0,1450.0,800.0,Debit Card,Delivered
ORD00373,2025-03-20,CUST0090,Customer 0090,Female,26,Coimbatore,Tamil Nadu,South,Beauty,Skincare,Face Serum,1,900.0,0.1,810.0,420.0,390.0,Net Banking,Delivered
ORD00641,2025-03-20,CUST0354,Customer 0354,Female,57,Bengaluru,Karnataka,South,Home & Kitchen,Kitchen,Cookware Set,1,2800.0,0.2,2240.0,1650.0,590.0,Net Banking,Delivered
ORD00240,2025-03-20,CUST0389,Customer 0389,Male,30,Mumbai,Maharashtra,West,Home & Kitchen,Appliances,Air Fryer,1,6500.0,0.1,0.0,4200.0,0.0,Net Banking,Cancelled
ORD00245,2025-03-20,CUST0467,Customer 0467,Male,49,Mumbai,Maharashtra,West,Home & Kitchen,Kitchen,Cookware Set,2,2800.0,0.05,5320.0,3300.0,2020.0,Cash on Delivery,Delivered
ORD00463,2025-03-20,CUST0176,Customer 0176,Female,42,Hyderabad,Telangana,South,Electronics,Accessories,Wireless Earbuds,1,2500.0,0.0,2500.0,1450.0,1050.0,Debit Card,Delivered
ORD00583,2025-03-20,CUST0106,Customer 0106,Male,55,Bhubaneswar,Odisha,East,Beauty,Skincare,Face Serum,1,900.0,0.2,612.0,420.0,-105.0,UPI,Returned
ORD00610,2025-03-21,CUST0310,Customer 0310,Female,33,Madurai,Tamil Nadu,South,Home & Kitchen,Kitchen,Cookware Set,2,2800.0,0.1,5040.0,3300.0,1740.0,Cash on Delivery,Delivered
ORD01357,2025-03-21,CUST0393,Customer 0393,Female,45,Lucknow,Uttar Pradesh,North,Books,Education,Python Programming Book,2,1100.0,0.2,1760.0,1040.0,720.0,UPI,Delivered
ORD01044,2025-03-21,CUST0438,Customer 0438,Male,25,Pune,Maharashtra,West,Home & Kitchen,Appliances,Mixer Grinder,2,3200.0,0.0,6400.0,4200.0,2200.0,Debit Card,Delivered
ORD00156,2025-03-22,CUST0349,Customer 0349,Male,20,Hyderabad,Telangana,South,Beauty,Skincare,Face Serum,1,900.0,0.15,650.25,420.0,-120.75,Credit Card,Returned
ORD01477,2025-03-22,CUST0130,Customer 0130,Male,49,Chennai,Tamil Nadu,South,Home & Kitchen,Furniture,Office Chair,1,8500.0,0.05,8075.0,5700.0,2375.0,UPI,Delivered
ORD00160,2025-03-23,CUST0012,Customer 0012,Male,19,Patna,Bihar,East,Home & Kitchen,Furniture,Office Chair,2,8500.0,0.15,14450.0,11400.0,3050.0,Net Banking,Delivered
ORD00202,2025-03-23,CUST0331,Customer 0331,Male,41,Mumbai,Maharashtra,West,Electronics,Laptops,Laptop,2,52000.0,0.05,98800.0,78000.0,20800.0,UPI,Delivered
ORD00183,2025-03-23,CUST0352,Customer 0352,Female,58,Ahmedabad,Gujarat,West,Fashion,Accessories,Backpack,1,1800.0,0.1,1620.0,950.0,670.0,Debit Card,Delivered
ORD01105,2025-03-23,CUST0012,Customer 0012,Male,34,Jaipur,Rajasthan,North,Beauty,Personal Care,Hair Dryer,1,2400.0,0.15,2040.0,1350.0,690.0,UPI,Delivered
ORD01404,2025-03-24,CUST0283,Customer 0283,Male,59,Bhubaneswar,Odisha,East,Fashion,Accessories,Backpack,1,1800.0,0.05,1710.0,950.0,760.0,Net Banking,Delivered
ORD00654,2025-03-24,CUST0099,Customer 0099,Female,47,Chennai,Tamil Nadu,South,Sports,Fitness,Yoga Mat,1,1200.0,0.0,1200.0,550.0,650.0,Net Banking,Delivered
ORD00423,2025-03-24,CUST0046,Customer 0046,Female,49,Delhi,Delhi,North,Electronics,Accessories,Smart Watch,3,4500.0,0.05,12825.0,8100.0,4725.0,UPI,Delivered
ORD00322,2025-03-25,CUST0166,Customer 0166,Male,33,Pune,Maharashtra,West,Electronics,Accessories,Wireless Earbuds,1,2500.0,0.1,2250.0,1450.0,800.0,Credit Card,Delivered
ORD01464,2025-03-25,CUST0339,Customer 0339,Male,37,Ahmedabad,Gujarat,West,Books,Education,Data Analytics Book,1,850.0,0.1,765.0,420.0,345.0,Cash on Delivery,Delivered
ORD00957,2025-03-25,CUST0177,Customer 0177,Male,60,Madurai,Tamil Nadu,South,Fashion,Accessories,Backpack,1,1800.0,0.1,1620.0,950.0,670.0,UPI,Delivered
ORD00699,2025-03-25,CUST0402,Customer 0402,Female,41,Hyderabad,Telangana,South,Electronics,Laptops,Laptop,1,52000.0,0.1,39780.0,39000.0,-2730.0,Net Banking,Returned
ORD00932,2025-03-26,CUST0204,Customer 0204,Female,57,Bengaluru,Karnataka,South,Sports,Fitness,Dumbbells,2,2600.0,0.1,3978.0,2900.0,-623.0,Credit Card,Returned
ORD00074,2025-03-26,CUST0173,Customer 0173,Male,21,Jaipur,Rajasthan,North,Books,Education,Data Analytics Book,1,850.0,0.0,850.0,420.0,430.0,UPI,Delivered
ORD00440,2025-03-26,CUST0094,Customer 0094,Female,50,Chennai,Tamil Nadu,South,Home & Kitchen,Kitchen,Cookware Set,2,2800.0,0.1,5040.0,3300.0,1740.0,UPI,Delivered
ORD01133,2025-03-27,CUST0184,Customer 0184,Female,19,Lucknow,Uttar Pradesh,North,Home & Kitchen,Appliances,Mixer Grinder,1,3200.0,0.1,2880.0,2100.0,780.0,Net Banking,Delivered
ORD01132,2025-03-27,CUST0071,Customer 0071,Male,46,Lucknow,Uttar Pradesh,North,Sports,Fitness,Yoga Mat,1,1200.0,0.0,1200.0,550.0,650.0,Net Banking,Delivered
ORD01331,2025-03-27,CUST0010,Customer 0010,Female,35,Bhubaneswar,Odisha,East,Beauty,Personal Care,Hair Dryer,3,2400.0,0.2,4896.0,4050.0,-598.5,UPI,Returned
ORD00282,2025-03-27,CUST0444,Customer 0444,Male,27,Bhubaneswar,Odisha,East,Home & Kitchen,Furniture,Office Chair,1,8500.0,0.15,6141.25,5700.0,-533.75,Debit Card,Returned
ORD00438,2025-03-28,CUST0414,Customer 0414,Male,39,Mumbai,Maharashtra,West,Home & Kitchen,Appliances,Mixer Grinder,2,3200.0,0.15,5440.0,4200.0,1240.0,UPI,Delivered
ORD00182,2025-03-28,CUST0122,Customer 0122,Male,53,Coimbatore,Tamil Nadu,South,Fashion,Accessories,Backpack,1,1800.0,0.05,1710.0,950.0,760.0,Net Banking,Delivered
ORD01184,2025-03-28,CUST0147,Customer 0147,Female,31,Delhi,Delhi,North,Sports,Fitness,Yoga Mat,3,1200.0,0.2,2880.0,1650.0,1230.0,Cash on Delivery,Delivered
ORD00311,2025-03-28,CUST0401,Customer 0401,Male,29,Chennai,Tamil Nadu,South,Home & Kitchen,Kitchen,Cookware Set,1,2800.0,0.15,2380.0,1650.0,730.0,Credit Card,Delivered
ORD01193,2025-03-28,CUST0432,Customer 0432,Male,34,Madurai,Tamil Nadu,South,Home & Kitchen,Appliances,Mixer Grinder,1,3200.0,0.15,2720.0,2100.0,620.0,Credit Card,Delivered
ORD00622,2025-03-29,CUST0004,Customer 0004,Male,57,Bengaluru,Karnataka,South,Books,Education,Python Programming Book,1,1100.0,0.15,0.0,520.0,0.0,UPI,Cancelled
ORD01163,2025-03-29,CUST0173,Customer 0173,Male,57,Jaipur,Rajasthan,North,Electronics,Accessories,Wireless Earbuds,3,2500.0,0.05,0.0,4350.0,0.0,UPI,Cancelled
ORD01121,2025-03-30,CUST0360,Customer 0360,Male,49,Mumbai,Maharashtra,West,Sports,Fitness,Yoga Mat,1,1200.0,0.1,1080.0,550.0,530.0,Debit Card,Delivered
ORD00410,2025-03-30,CUST0002,Customer 0002,Female,39,Lucknow,Uttar Pradesh,North,Fashion,Women,Kurti,1,1600.0,0.05,0.0,800.0,0.0,Debit Card,Cancelled
ORD01007,2025-03-30,CUST0027,Customer 0027,Female,27,Mumbai,Maharashtra,West,Fashion,Accessories,Backpack,1,1800.0,0.0,1800.0,950.0,850.0,Net Banking,Delivered
ORD00045,2025-03-30,CUST0487,Customer 0487,Female,22,Patna,Bihar,East,Sports,Fitness,Dumbbells,1,2600.0,0.05,2470.0,1450.0,1020.0,Net Banking,Delivered
ORD00873,2025-03-31,CUST0333,Customer 0333,Male,53,Patna,Bihar,East,Sports,Fitness,Dumbbells,1,2600.0,0.05,2470.0,1450.0,1020.0,UPI,Delivered
ORD01059,2025-03-31,CUST0161,Customer 0161,Male,54,Lucknow,Uttar Pradesh,North,Beauty,Skincare,Face Serum,2,900.0,0.05,1710.0,840.0,870.0,Debit Card,Delivered
ORD01417,2025-03-31,CUST0244,Customer 0244,Male,35,Kolkata,West Bengal,East,Home & Kitchen,Furniture,Office Chair,1,8500.0,0.0,0.0,5700.0,0.0,Cash on Delivery,Cancelled
ORD01347,2025-03-31,CUST0330,Customer 0330,Male,33,Delhi,Delhi,North,Electronics,Accessories,Wireless Earbuds,1,2500.0,0.05,2375.0,1450.0,925.0,Debit Card,Delivered
ORD00178,2025-03-31,CUST0106,Customer 0106,Male,57,Mumbai,Maharashtra,West,Home & Kitchen,Furniture,Office Chair,2,8500.0,0.15,14450.0,11400.0,3050.0,Debit Card,Delivered
ORD00314,2025-03-31,CUST0106,Customer 0106,Male,58,Kolkata,West Bengal,East,Electronics,Mobiles,Smartphone,1,18000.0,0.05,14535.0,12500.0,-1610.0,UPI,Returned
ORD00063,2025-04-01,CUST0451,Customer 0451,Male,30,Kolkata,West Bengal,East,Home & Kitchen,Furniture,Office Chair,1,8500.0,0.05,6863.75,5700.0,-831.25,Credit Card,Returned
ORD00517,2025-04-01,CUST0360,Customer 0360,Male,20,Pune,Maharashtra,West,Electronics,Accessories,Smart Watch,3,4500.0,0.15,9753.75,8100.0,-1181.25,Credit Card,Returned
ORD01197,2025-04-01,CUST0424,Customer 0424,Male,51,Hyderabad,Telangana,South,Beauty,Skincare,Face Serum,2,900.0,0.1,1620.0,840.0,780.0,Cash on Delivery,Delivered
ORD01444,2025-04-01,CUST0060,Customer 0060,Female,57,Madurai,Tamil Nadu,South,Fashion,Accessories,Backpack,2,1800.0,0.0,3600.0,1900.0,1700.0,Credit Card,Delivered
ORD00335,2025-04-02,CUST0111,Customer 0111,Female,28,Madurai,Tamil Nadu,South,Electronics,Mobiles,Smartphone,1,18000.0,0.2,14400.0,12500.0,1900.0,Cash on Delivery,Delivered
ORD00040,2025-04-02,CUST0342,Customer 0342,Male,42,Pune,Maharashtra,West,Sports,Fitness,Yoga Mat,1,1200.0,0.05,0.0,550.0,0.0,Credit Card,Cancelled
ORD00168,2025-04-02,CUST0443,Customer 0443,Female,23,Patna,Bihar,East,Fashion,Accessories,Backpack,2,1800.0,0.2,2880.0,1900.0,980.0,Debit Card,Delivered
ORD01494,2025-04-03,CUST0472,Customer 0472,Male,36,Bhubaneswar,Odisha,East,Books,Education,Python Programming Book,1,1100.0,0.05,1045.0,520.0,525.0,Cash on Delivery,Delivered
ORD00901,2025-04-03,CUST0086,Customer 0086,Male,42,Chennai,Tamil Nadu,South,Beauty,Personal Care,Hair Dryer,1,2400.0,0.15,2040.0,1350.0,690.0,Credit Card,Delivered
ORD00672,2025-04-04,CUST0402,Customer 0402,Male,46,Chennai,Tamil Nadu,South,Books,Education,Python Programming Book,1,1100.0,0.1,990.0,520.0,470.0,Credit Card,Delivered
ORD00906,2025-04-04,CUST0156,Customer 0156,Female,46,Madurai,Tamil Nadu,South,Books,Education,Data Analytics Book,1,850.0,0.2,680.0,420.0,260.0,Debit Card,Delivered
ORD00098,2025-04-04,CUST0236,Customer 0236,Female,31,Ahmedabad,Gujarat,West,Home & Kitchen,Appliances,Air Fryer,1,6500.0,0.15,5525.0,4200.0,1325.0,Net Banking,Delivered
ORD01310,2025-04-04,CUST0079,Customer 0079,Female,25,Hyderabad,Telangana,South,Electronics,Mobiles,Smartphone,1,18000.0,0.15,15300.0,12500.0,2800.0,UPI,Delivered
ORD01409,2025-04-04,CUST0442,Customer 0442,Male,58,Jaipur,Rajasthan,North,Fashion,Accessories,Backpack,1,1800.0,0.05,1710.0,950.0,760.0,Debit Card,Delivered
ORD00047,2025-04-04,CUST0400,Customer 0400,Female,43,Hyderabad,Telangana,South,Sports,Fitness,Yoga Mat,2,1200.0,0.1,2160.0,1100.0,1060.0,Net Banking,Delivered
ORD00968,2025-04-04,CUST0025,Customer 0025,Female,38,Patna,Bihar,East,Books,Education,Python Programming Book,1,1100.0,0.1,990.0,520.0,470.0,UPI,Delivered
ORD01374,2025-04-04,CUST0008,Customer 0008,Female,25,Hyderabad,Telangana,South,Beauty,Personal Care,Hair Dryer,1,2400.0,0.1,0.0,1350.0,0.0,Credit Card,Cancelled
ORD00569,2025-04-05,CUST0219,Customer 0219,Male,25,Bhubaneswar,Odisha,East,Home & Kitchen,Appliances,Air Fryer,1,6500.0,0.1,5850.0,4200.0,1650.0,UPI,Delivered
ORD01327,2025-04-05,CUST0398,Customer 0398,Female,30,Pune,Maharashtra,West,Books,Education,Python Programming Book,1,1100.0,0.0,1100.0,520.0,580.0,Debit Card,Delivered
ORD00107,2025-04-05,CUST0299,Customer 0299,Male,22,Bhubaneswar,Odisha,East,Electronics,Laptops,Laptop,1,52000.0,0.1,46800.0,39000.0,7800.0,Cash on Delivery,Delivered
ORD01221,2025-04-05,CUST0009,Customer 0009,Male,58,Ahmedabad,Gujarat,West,Electronics,Accessories,Smart Watch,2,4500.0,0.05,8550.0,5400.0,3150.0,UPI,Delivered
ORD00591,2025-04-05,CUST0033,Customer 0033,Female,54,Ahmedabad,Gujarat,West,Home & Kitchen,Appliances,Mixer Grinder,4,3200.0,0.0,12800.0,8400.0,4400.0,Cash on Delivery,Delivered
ORD00256,2025-04-05,CUST0461,Customer 0461,Female,60,Lucknow,Uttar Pradesh,North,Books,Education,Python Programming Book,1,1100.0,0.0,1100.0,520.0,580.0,Net Banking,Delivered
ORD00081,2025-04-05,CUST0360,Customer 0360,Female,42,Delhi,Delhi,North,Sports,Fitness,Dumbbells,1,2600.0,0.1,2340.0,1450.0,890.0,Debit Card,Delivered
ORD00055,2025-04-06,CUST0268,Customer 0268,Male,30,Chennai,Tamil Nadu,South,Home & Kitchen,Furniture,Office Chair,1,8500.0,0.2,6800.0,5700.0,1100.0,UPI,Delivered
ORD01030,2025-04-06,CUST0113,Customer 0113,Female,25,Bhubaneswar,Odisha,East,Books,Education,Python Programming Book,1,1100.0,0.0,1100.0,520.0,580.0,Cash on Delivery,Delivered
ORD01186,2025-04-06,CUST0456,Customer 0456,Male,59,Coimbatore,Tamil Nadu,South,Electronics,Laptops,Laptop,1,52000.0,0.15,0.0,39000.0,0.0,Net Banking,Cancelled
ORD00356,2025-04-06,CUST0264,Customer 0264,Male,23,Chennai,Tamil Nadu,South,Books,Education,Python Programming Book,1,1100.0,0.15,935.0,520.0,415.0,Net Banking,Delivered
ORD00536,2025-04-06,CUST0467,Customer 0467,Male,49,Lucknow,Uttar Pradesh,North,Books,Education,Data Analytics Book,3,850.0,0.05,2422.5,1260.0,1162.5,Debit Card,Delivered
ORD00404,2025-04-06,CUST0407,Customer 0407,Female,56,Ahmedabad,Gujarat,West,Sports,Fitness,Yoga Mat,1,1200.0,0.15,0.0,550.0,0.0,Net Banking,Cancelled
ORD00413,2025-04-07,CUST0118,Customer 0118,Female,50,Kolkata,West Bengal,East,Books,Education,Data Analytics Book,1,850.0,0.15,722.5,420.0,302.5,Credit Card,Delivered
ORD01087,2025-04-07,CUST0127,Customer 0127,Female,18,Bengaluru,Karnataka,South,Electronics,Accessories,Wireless Earbuds,1,2500.0,0.05,2375.0,1450.0,925.0,Debit Card,Delivered
ORD00422,2025-04-08,CUST0369,Customer 0369,Male,21,Hyderabad,Telangana,South,Electronics,Accessories,Smart Watch,1,4500.0,0.0,4500.0,2700.0,1800.0,UPI,Delivered
ORD00072,2025-04-08,CUST0496,Customer 0496,Male,23,Lucknow,Uttar Pradesh,North,Books,Education,Data Analytics Book,1,850.0,0.0,850.0,420.0,430.0,Cash on Delivery,Delivered
ORD00058,2025-04-09,CUST0484,Customer 0484,Male,40,Hyderabad,Telangana,South,Home & Kitchen,Appliances,Mixer Grinder,1,3200.0,0.1,2880.0,2100.0,780.0,UPI,Delivered
ORD01399,2025-04-09,CUST0244,Customer 0244,Male,25,Coimbatore,Tamil Nadu,South,Fashion,Footwear,Running Shoes,1,3200.0,0.15,2720.0,1750.0,970.0,Debit Card,Delivered
ORD00336,2025-04-09,CUST0152,Customer 0152,Female,36,Madurai,Tamil Nadu,South,Books,Education,Data Analytics Book,2,850.0,0.1,1530.0,840.0,690.0,Net Banking,Delivered
ORD00236,2025-04-09,CUST0371,Customer 0371,Male,33,Pune,Maharashtra,West,Fashion,Men,Casual Shirt,1,1400.0,0.15,1011.5,700.0,-171.5,Cash on Delivery,Returned
ORD00639,2025-04-09,CUST0317,Customer 0317,Male,48,Madurai,Tamil Nadu,South,Sports,Fitness,Yoga Mat,2,1200.0,0.1,2160.0,1100.0,1060.0,UPI,Delivered
ORD00325,2025-04-09,CUST0122,Customer 0122,Female,51,Coimbatore,Tamil Nadu,South,Electronics,Accessories,Smart Watch,1,4500.0,0.1,3442.5,2700.0,-472.5,Debit Card,Returned
ORD00792,2025-04-10,CUST0381,Customer 0381,Female,31,Chennai,Tamil Nadu,South,Electronics,Mobiles,Smartphone,2,18000.0,0.05,34200.0,25000.0,9200.0,UPI,Delivered
ORD01215,2025-04-10,CUST0254,Customer 0254,Male,49,Bengaluru,Karnataka,South,Electronics,Laptops,Laptop,2,52000.0,0.2,83200.0,78000.0,5200.0,Net Banking,Delivered
ORD00631,2025-04-10,CUST0144,Customer 0144,Male,57,Madurai,Tamil Nadu,South,Home & Kitchen,Appliances,Air Fryer,1,6500.0,0.05,6175.0,4200.0,1975.0,Debit Card,Delivered
ORD00659,2025-04-10,CUST0187,Customer 0187,Male,24,Kolkata,West Bengal,East,Electronics,Mobiles,Smartphone,3,18000.0,0.2,43200.0,37500.0,5700.0,Cash on Delivery,Delivered
ORD00528,2025-04-10,CUST0360,Customer 0360,Female,34,Madurai,Tamil Nadu,South,Books,Education,Data Analytics Book,2,850.0,0.2,1360.0,840.0,520.0,Debit Card,Delivered
ORD00841,2025-04-11,CUST0410,Customer 0410,Female,19,Kolkata,West Bengal,East,Sports,Fitness,Yoga Mat,1,1200.0,0.15,1020.0,550.0,470.0,Cash on Delivery,Delivered
ORD00090,2025-04-11,CUST0443,Customer 0443,Female,23,Kolkata,West Bengal,East,Fashion,Women,Kurti,1,1600.0,0.1,1440.0,800.0,640.0,Net Banking,Delivered
ORD00836,2025-04-11,CUST0237,Customer 0237,Female,31,Pune,Maharashtra,West,Electronics,Mobiles,Smartphone,1,18000.0,0.1,0.0,12500.0,0.0,Credit Card,Cancelled
ORD00021,2025-04-11,CUST0002,Customer 0002,Female,45,Madurai,Tamil Nadu,South,Books,Education,Data Analytics Book,1,850.0,0.0,850.0,420.0,430.0,Net Banking,Delivered
ORD01456,2025-04-11,CUST0216,Customer 0216,Female,53,Madurai,Tamil Nadu,South,Fashion,Men,Casual Shirt,1,1400.0,0.15,1190.0,700.0,490.0,Cash on Delivery,Delivered
ORD01070,2025-04-11,CUST0138,Customer 0138,Female,23,Madurai,Tamil Nadu,South,Fashion,Women,Kurti,2,1600.0,0.15,2720.0,1600.0,1120.0,Cash on Delivery,Delivered
ORD00360,2025-04-11,CUST0452,Customer 0452,Male,42,Lucknow,Uttar Pradesh,North,Beauty,Skincare,Face Serum,3,900.0,0.15,2295.0,1260.0,1035.0,UPI,Delivered
ORD00291,2025-04-12,CUST0325,Customer 0325,Male,20,Coimbatore,Tamil Nadu,South,Electronics,Accessories,Smart Watch,4,4500.0,0.1,16200.0,10800.0,5400.0,UPI,Delivered
ORD00175,2025-04-12,CUST0088,Customer 0088,Male,34,Bhubaneswar,Odisha,East,Electronics,Mobiles,Smartphone,2,18000.0,0.1,32400.0,25000.0,7400.0,Cash on Delivery,Delivered
ORD00778,2025-04-13,CUST0209,Customer 0209,Male,18,Kolkata,West Bengal,East,Home & Kitchen,Appliances,Mixer Grinder,3,3200.0,0.05,9120.0,6300.0,2820.0,Net Banking,Delivered
ORD00521,2025-04-13,CUST0162,Customer 0162,Male,48,Patna,Bihar,East,Fashion,Men,Casual Shirt,3,1400.0,0.05,0.0,2100.0,0.0,Cash on Delivery,Cancelled
ORD01341,2025-04-13,CUST0209,Customer 0209,Male,26,Ahmedabad,Gujarat,West,Beauty,Personal Care,Hair Dryer,1,2400.0,0.05,2280.0,1350.0,930.0,Credit Card,Delivered
ORD00782,2025-04-13,CUST0315,Customer 0315,Male,20,Lucknow,Uttar Pradesh,North,Books,Education,Python Programming Book,2,1100.0,0.0,0.0,1040.0,0.0,Cash on Delivery,Cancelled
ORD00141,2025-04-13,CUST0108,Customer 0108,Female,51,Coimbatore,Tamil Nadu,South,Home & Kitchen,Furniture,Office Chair,1,8500.0,0.1,7650.0,5700.0,1950.0,Debit Card,Delivered
ORD00109,2025-04-14,CUST0104,Customer 0104,Female,60,Jaipur,Rajasthan,North,Beauty,Skincare,Face Serum,1,900.0,0.1,0.0,420.0,0.0,Cash on Delivery,Cancelled
ORD00810,2025-04-14,CUST0394,Customer 0394,Male,26,Pune,Maharashtra,West,Sports,Fitness,Dumbbells,1,2600.0,0.1,2340.0,1450.0,890.0,Cash on Delivery,Delivered
ORD01060,2025-04-14,CUST0054,Customer 0054,Female,47,Pune,Maharashtra,West,Beauty,Personal Care,Hair Dryer,1,2400.0,0.0,0.0,1350.0,0.0,Debit Card,Cancelled
ORD00029,2025-04-14,CUST0473,Customer 0473,Male,42,Ahmedabad,Gujarat,West,Electronics,Accessories,Smart Watch,1,4500.0,0.0,3825.0,2700.0,-630.0,Net Banking,Returned
ORD00779,2025-04-15,CUST0216,Customer 0216,Female,43,Bengaluru,Karnataka,South,Beauty,Skincare,Face Serum,1,900.0,0.1,810.0,420.0,390.0,Net Banking,Delivered
ORD01161,2025-04-15,CUST0494,Customer 0494,Male,31,Patna,Bihar,East,Beauty,Skincare,Face Serum,1,900.0,0.05,855.0,420.0,435.0,UPI,Delivered
ORD00821,2025-04-15,CUST0021,Customer 0021,Female,22,Lucknow,Uttar Pradesh,North,Electronics,Laptops,Laptop,1,52000.0,0.0,52000.0,39000.0,13000.0,Cash on Delivery,Delivered
ORD01181,2025-04-15,CUST0211,Customer 0211,Female,20,Chennai,Tamil Nadu,South,Electronics,Laptops,Laptop,2,52000.0,0.1,93600.0,78000.0,15600.0,Cash on Delivery,Delivered
ORD01013,2025-04-16,CUST0205,Customer 0205,Male,34,Lucknow,Uttar Pradesh,North,Electronics,Laptops,Laptop,1,52000.0,0.0,52000.0,39000.0,13000.0,Debit Card,Delivered
ORD01350,2025-04-16,CUST0373,Customer 0373,Male,58,Jaipur,Rajasthan,North,Beauty,Personal Care,Hair Dryer,2,2400.0,0.0,4800.0,2700.0,2100.0,Debit Card,Delivered
ORD00853,2025-04-16,CUST0475,Customer 0475,Female,22,Ahmedabad,Gujarat,West,Home & Kitchen,Kitchen,Cookware Set,2,2800.0,0.1,5040.0,3300.0,1740.0,UPI,Delivered
ORD00274,2025-04-16,CUST0439,Customer 0439,Female,31,Patna,Bihar,East,Fashion,Accessories,Backpack,1,1800.0,0.05,1710.0,950.0,760.0,Credit Card,Delivered
ORD00488,2025-04-16,CUST0013,Customer 0013,Male,49,Kolkata,West Bengal,East,Home & Kitchen,Kitchen,Cookware Set,1,2800.0,0.1,0.0,1650.0,0.0,UPI,Cancelled
ORD00552,2025-04-16,CUST0478,Customer 0478,Male,52,Jaipur,Rajasthan,North,Fashion,Men,Casual Shirt,1,1400.0,0.0,1400.0,700.0,700.0,UPI,Delivered
ORD00910,2025-04-16,CUST0204,Customer 0204,Female,28,Mumbai,Maharashtra,West,Electronics,Accessories,Wireless Earbuds,2,2500.0,0.2,4000.0,2900.0,1100.0,Cash on Delivery,Delivered
ORD00690,2025-04-16,CUST0197,Customer 0197,Male,19,Bhubaneswar,Odisha,East,Electronics,Laptops,Laptop,2,52000.0,0.15,88400.0,78000.0,10400.0,Cash on Delivery,Delivered
ORD01349,2025-04-16,CUST0321,Customer 0321,Female,58,Chennai,Tamil Nadu,South,Home & Kitchen,Appliances,Mixer Grinder,3,3200.0,0.0,9600.0,6300.0,3300.0,Debit Card,Delivered
ORD01230,2025-04-17,CUST0113,Customer 0113,Male,26,Lucknow,Uttar Pradesh,North,Fashion,Men,Casual Shirt,1,1400.0,0.1,1260.0,700.0,560.0,Debit Card,Delivered
ORD01302,2025-04-17,CUST0251,Customer 0251,Female,29,Pune,Maharashtra,West,Home & Kitchen,Appliances,Air Fryer,3,6500.0,0.0,19500.0,12600.0,6900.0,UPI,Delivered
ORD00001,2025-04-17,CUST0467,Customer 0467,Male,28,Pune,Maharashtra,West,Sports,Fitness,Yoga Mat,2,1200.0,0.1,2160.0,1100.0,1060.0,Debit Card,Delivered
ORD00430,2025-04-17,CUST0353,Customer 0353,Female,54,Bhubaneswar,Odisha,East,Home & Kitchen,Appliances,Air Fryer,1,6500.0,0.05,6175.0,4200.0,1975.0,UPI,Delivered
ORD01148,2025-04-18,CUST0329,Customer 0329,Female,34,Ahmedabad,Gujarat,West,Home & Kitchen,Furniture,Office Chair,1,8500.0,0.2,6800.0,5700.0,1100.0,Cash on Delivery,Delivered
ORD00534,2025-04-18,CUST0146,Customer 0146,Male,57,Bhubaneswar,Odisha,East,Beauty,Personal Care,Hair Dryer,1,2400.0,0.2,1920.0,1350.0,570.0,Credit Card,Delivered
ORD00380,2025-04-18,CUST0050,Customer 0050,Male,48,Bhubaneswar,Odisha,East,Fashion,Footwear,Running Shoes,2,3200.0,0.2,5120.0,3500.0,1620.0,Cash on Delivery,Delivered
ORD00888,2025-04-18,CUST0228,Customer 0228,Male,40,Coimbatore,Tamil Nadu,South,Beauty,Skincare,Face Serum,1,900.0,0.05,855.0,420.0,435.0,Credit Card,Delivered
ORD00743,2025-04-18,CUST0359,Customer 0359,Female,19,Jaipur,Rajasthan,North,Home & Kitchen,Appliances,Mixer Grinder,1,3200.0,0.05,3040.0,2100.0,940.0,Credit Card,Delivered
ORD00660,2025-04-18,CUST0206,Customer 0206,Female,33,Hyderabad,Telangana,South,Home & Kitchen,Furniture,Office Chair,1,8500.0,0.05,8075.0,5700.0,2375.0,Debit Card,Delivered
ORD00042,2025-04-18,CUST0480,Customer 0480,Female,47,Kolkata,West Bengal,East,Fashion,Accessories,Backpack,1,1800.0,0.0,1800.0,950.0,850.0,Debit Card,Delivered
ORD00636,2025-04-19,CUST0196,Customer 0196,Male,20,Pune,Maharashtra,West,Fashion,Men,Casual Shirt,2,1400.0,0.1,2142.0,1400.0,-392.0,Net Banking,Returned
ORD00738,2025-04-19,CUST0096,Customer 0096,Female,56,Hyderabad,Telangana,South,Books,Education,Data Analytics Book,1,850.0,0.05,807.5,420.0,387.5,Cash on Delivery,Delivered
ORD00317,2025-04-19,CUST0090,Customer 0090,Male,45,Ahmedabad,Gujarat,West,Home & Kitchen,Kitchen,Cookware Set,1,2800.0,0.05,2660.0,1650.0,1010.0,Credit Card,Delivered
ORD01286,2025-04-20,CUST0049,Customer 0049,Male,44,Kolkata,West Bengal,East,Fashion,Footwear,Running Shoes,3,3200.0,0.0,0.0,5250.0,0.0,UPI,Cancelled
ORD00232,2025-04-20,CUST0387,Customer 0387,Male,58,Patna,Bihar,East,Electronics,Mobiles,Smartphone,2,18000.0,0.15,30600.0,25000.0,5600.0,UPI,Delivered
ORD00697,2025-04-20,CUST0282,Customer 0282,Male,28,Lucknow,Uttar Pradesh,North,Fashion,Women,Kurti,2,1600.0,0.05,3040.0,1600.0,1440.0,Credit Card,Delivered
ORD00483,2025-04-20,CUST0138,Customer 0138,Male,45,Ahmedabad,Gujarat,West,Home & Kitchen,Kitchen,Cookware Set,1,2800.0,0.0,2800.0,1650.0,1150.0,UPI,Delivered
ORD00258,2025-04-21,CUST0364,Customer 0364,Male,20,Delhi,Delhi,North,Home & Kitchen,Appliances,Mixer Grinder,1,3200.0,0.1,2880.0,2100.0,780.0,UPI,Delivered
ORD00262,2025-04-21,CUST0227,Customer 0227,Female,54,Hyderabad,Telangana,South,Electronics,Accessories,Smart Watch,1,4500.0,0.1,3442.5,2700.0,-472.5,Net Banking,Returned
ORD00615,2025-04-22,CUST0101,Customer 0101,Female,45,Jaipur,Rajasthan,North,Home & Kitchen,Kitchen,Cookware Set,1,2800.0,0.05,2660.0,1650.0,1010.0,UPI,Delivered
ORD01250,2025-04-22,CUST0300,Customer 0300,Male,25,Pune,Maharashtra,West,Sports,Fitness,Yoga Mat,1,1200.0,0.05,969.0,550.0,-206.5,Cash on Delivery,Returned
ORD00260,2025-04-22,CUST0234,Customer 0234,Female,29,Lucknow,Uttar Pradesh,North,Electronics,Laptops,Laptop,2,52000.0,0.1,79560.0,78000.0,-5460.0,UPI,Returned
ORD01035,2025-04-22,CUST0406,Customer 0406,Male,50,Coimbatore,Tamil Nadu,South,Home & Kitchen,Furniture,Office Chair,1,8500.0,0.0,0.0,5700.0,0.0,Net Banking,Cancelled
ORD00963,2025-04-23,CUST0271,Customer 0271,Male,54,Lucknow,Uttar Pradesh,North,Fashion,Footwear,Running Shoes,1,3200.0,0.1,2880.0,1750.0,1130.0,Cash on Delivery,Delivered
ORD01482,2025-04-23,CUST0138,Customer 0138,Male,56,Patna,Bihar,East,Home & Kitchen,Appliances,Mixer Grinder,1,3200.0,0.05,3040.0,2100.0,940.0,Credit Card,Delivered
ORD00887,2025-04-23,CUST0315,Customer 0315,Female,52,Mumbai,Maharashtra,West,Electronics,Laptops,Laptop,1,52000.0,0.1,46800.0,39000.0,7800.0,Cash on Delivery,Delivered
ORD00905,2025-04-23,CUST0077,Customer 0077,Male,31,Mumbai,Maharashtra,West,Beauty,Personal Care,Hair Dryer,1,2400.0,0.0,2400.0,1350.0,1050.0,Debit Card,Delivered
ORD00243,2025-04-23,CUST0425,Customer 0425,Male,19,Hyderabad,Telangana,South,Fashion,Women,Kurti,3,1600.0,0.15,4080.0,2400.0,1680.0,Cash on Delivery,Delivered
ORD01340,2025-04-23,CUST0120,Customer 0120,Male,24,Ahmedabad,Gujarat,West,Books,Education,Python Programming Book,1,1100.0,0.0,1100.0,520.0,580.0,Credit Card,Delivered
ORD00198,2025-04-24,CUST0232,Customer 0232,Male,29,Chennai,Tamil Nadu,South,Fashion,Footwear,Running Shoes,1,3200.0,0.15,0.0,1750.0,0.0,Debit Card,Cancelled
ORD00496,2025-04-24,CUST0438,Customer 0438,Female,50,Bhubaneswar,Odisha,East,Fashion,Women,Kurti,1,1600.0,0.05,1520.0,800.0,720.0,UPI,Delivered
ORD00941,2025-04-24,CUST0117,Customer 0117,Male,37,Patna,Bihar,East,Home & Kitchen,Appliances,Mixer Grinder,1,3200.0,0.0,3200.0,2100.0,1100.0,Cash on Delivery,Delivered
ORD00794,2025-04-24,CUST0362,Customer 0362,Female,37,Patna,Bihar,East,Electronics,Accessories,Wireless Earbuds,1,2500.0,0.0,2500.0,1450.0,1050.0,Credit Card,Delivered
ORD00344,2025-04-24,CUST0323,Customer 0323,Female,27,Pune,Maharashtra,West,Sports,Fitness,Dumbbells,1,2600.0,0.1,2340.0,1450.0,890.0,Credit Card,Delivered
ORD01319,2025-04-25,CUST0416,Customer 0416,Male,36,Hyderabad,Telangana,South,Sports,Fitness,Yoga Mat,1,1200.0,0.1,1080.0,550.0,530.0,UPI,Delivered
ORD00882,2025-04-26,CUST0249,Customer 0249,Female,22,Kolkata,West Bengal,East,Fashion,Footwear,Running Shoes,1,3200.0,0.05,2584.0,1750.0,-451.5,Credit Card,Returned
ORD00515,2025-04-26,CUST0372,Customer 0372,Female,32,Bengaluru,Karnataka,South,Books,Education,Data Analytics Book,1,850.0,0.1,765.0,420.0,345.0,Credit Card,Delivered
ORD01305,2025-04-26,CUST0448,Customer 0448,Male,43,Bhubaneswar,Odisha,East,Sports,Fitness,Dumbbells,1,2600.0,0.1,0.0,1450.0,0.0,Cash on Delivery,Cancelled
ORD00266,2025-04-27,CUST0228,Customer 0228,Female,50,Kolkata,West Bengal,East,Home & Kitchen,Appliances,Air Fryer,2,6500.0,0.1,11700.0,8400.0,3300.0,Credit Card,Delivered
ORD00784,2025-04-27,CUST0188,Customer 0188,Female,52,Bengaluru,Karnataka,South,Books,Education,Python Programming Book,3,1100.0,0.1,2970.0,1560.0,1410.0,Cash on Delivery,Delivered
ORD00044,2025-04-27,CUST0129,Customer 0129,Female,18,Kolkata,West Bengal,East,Home & Kitchen,Appliances,Mixer Grinder,1,3200.0,0.05,3040.0,2100.0,940.0,Credit Card,Delivered
ORD00754,2025-04-27,CUST0067,Customer 0067,Female,48,Lucknow,Uttar Pradesh,North,Home & Kitchen,Furniture,Office Chair,1,8500.0,0.1,7650.0,5700.0,1950.0,Debit Card,Delivered
ORD00225,2025-04-28,CUST0321,Customer 0321,Male,47,Pune,Maharashtra,West,Home & Kitchen,Kitchen,Cookware Set,4,2800.0,0.2,8960.0,6600.0,2360.0,Net Banking,Delivered
ORD00366,2025-04-28,CUST0053,Customer 0053,Female,30,Bhubaneswar,Odisha,East,Books,Education,Data Analytics Book,2,850.0,0.1,0.0,840.0,0.0,Net Banking,Cancelled
ORD00688,2025-04-29,CUST0294,Customer 0294,Female,51,Ahmedabad,Gujarat,West,Electronics,Accessories,Wireless Earbuds,3,2500.0,0.1,6750.0,4350.0,2400.0,UPI,Delivered
ORD00832,2025-04-30,CUST0330,Customer 0330,Female,41,Lucknow,Uttar Pradesh,North,Home & Kitchen,Appliances,Air Fryer,1,6500.0,0.05,6175.0,4200.0,1975.0,Net Banking,Delivered
ORD00303,2025-04-30,CUST0286,Customer 0286,Male,50,Kolkata,West Bengal,East,Sports,Fitness,Yoga Mat,2,1200.0,0.1,2160.0,1100.0,1060.0,Cash on Delivery,Delivered
ORD00813,2025-05-01,CUST0092,Customer 0092,Male,46,Madurai,Tamil Nadu,South,Fashion,Footwear,Running Shoes,2,3200.0,0.15,5440.0,3500.0,1940.0,Credit Card,Delivered
ORD00261,2025-05-01,CUST0400,Customer 0400,Male,48,Patna,Bihar,East,Beauty,Personal Care,Hair Dryer,3,2400.0,0.05,6840.0,4050.0,2790.0,Debit Card,Delivered
ORD00357,2025-05-01,CUST0162,Customer 0162,Female,21,Kolkata,West Bengal,East,Fashion,Footwear,Running Shoes,1,3200.0,0.05,3040.0,1750.0,1290.0,Cash on Delivery,Delivered
ORD01031,2025-05-01,CUST0385,Customer 0385,Female,56,Bengaluru,Karnataka,South,Electronics,Laptops,Laptop,1,52000.0,0.1,46800.0,39000.0,7800.0,Credit Card,Delivered
ORD01077,2025-05-01,CUST0114,Customer 0114,Male,21,Bhubaneswar,Odisha,East,Fashion,Accessories,Backpack,1,1800.0,0.05,1710.0,950.0,760.0,Net Banking,Delivered
ORD00068,2025-05-02,CUST0316,Customer 0316,Female,45,Ahmedabad,Gujarat,West,Home & Kitchen,Kitchen,Cookware Set,1,2800.0,0.05,2660.0,1650.0,1010.0,Cash on Delivery,Delivered
ORD00441,2025-05-02,CUST0162,Customer 0162,Male,59,Patna,Bihar,East,Fashion,Footwear,Running Shoes,1,3200.0,0.0,3200.0,1750.0,1450.0,Cash on Delivery,Delivered
ORD00744,2025-05-02,CUST0479,Customer 0479,Male,56,Patna,Bihar,East,Fashion,Accessories,Backpack,2,1800.0,0.05,3420.0,1900.0,1520.0,Credit Card,Delivered
ORD00331,2025-05-02,CUST0035,Customer 0035,Male,23,Patna,Bihar,East,Fashion,Women,Kurti,1,1600.0,0.2,1280.0,800.0,480.0,Cash on Delivery,Delivered
ORD01118,2025-05-03,CUST0354,Customer 0354,Male,29,Bengaluru,Karnataka,South,Beauty,Skincare,Face Serum,3,900.0,0.15,2295.0,1260.0,1035.0,Credit Card,Delivered
ORD00179,2025-05-03,CUST0223,Customer 0223,Female,58,Bhubaneswar,Odisha,East,Electronics,Accessories,Wireless Earbuds,1,2500.0,0.2,0.0,1450.0,0.0,Credit Card,Cancelled
ORD00769,2025-05-03,CUST0436,Customer 0436,Male,48,Patna,Bihar,East,Sports,Fitness,Yoga Mat,1,1200.0,0.0,1200.0,550.0,650.0,Net Banking,Delivered
ORD01139,2025-05-05,CUST0396,Customer 0396,Male,38,Madurai,Tamil Nadu,South,Fashion,Footwear,Running Shoes,1,3200.0,0.0,3200.0,1750.0,1450.0,Credit Card,Delivered
ORD00661,2025-05-05,CUST0288,Customer 0288,Male,37,Coimbatore,Tamil Nadu,South,Fashion,Women,Kurti,1,1600.0,0.15,1156.0,800.0,-196.0,UPI,Returned
ORD00532,2025-05-05,CUST0230,Customer 0230,Female,22,Madurai,Tamil Nadu,South,Home & Kitchen,Furniture,Office Chair,1,8500.0,0.05,8075.0,5700.0,2375.0,Net Banking,Delivered
ORD01114,2025-05-05,CUST0235,Customer 0235,Female,29,Bengaluru,Karnataka,South,Fashion,Women,Kurti,2,1600.0,0.0,3200.0,1600.0,1600.0,UPI,Delivered
ORD00969,2025-05-06,CUST0116,Customer 0116,Female,31,Lucknow,Uttar Pradesh,North,Fashion,Men,Casual Shirt,3,1400.0,0.0,4200.0,2100.0,2100.0,UPI,Delivered
ORD01109,2025-05-06,CUST0066,Customer 0066,Male,24,Bengaluru,Karnataka,South,Electronics,Accessories,Smart Watch,1,4500.0,0.2,3600.0,2700.0,900.0,UPI,Delivered
ORD00328,2025-05-06,CUST0392,Customer 0392,Female,29,Bengaluru,Karnataka,South,Fashion,Women,Kurti,1,1600.0,0.0,1600.0,800.0,800.0,UPI,Delivered
ORD00272,2025-05-06,CUST0280,Customer 0280,Male,53,Mumbai,Maharashtra,West,Electronics,Accessories,Smart Watch,2,4500.0,0.05,8550.0,5400.0,3150.0,UPI,Delivered
ORD01425,2025-05-06,CUST0480,Customer 0480,Male,22,Lucknow,Uttar Pradesh,North,Sports,Fitness,Yoga Mat,1,1200.0,0.05,1140.0,550.0,590.0,UPI,Delivered
ORD00022,2025-05-06,CUST0416,Customer 0416,Male,21,Chennai,Tamil Nadu,South,Electronics,Mobiles,Smartphone,1,18000.0,0.05,14535.0,12500.0,-1610.0,Debit Card,Returned
ORD00037,2025-05-07,CUST0104,Customer 0104,Male,26,Mumbai,Maharashtra,West,Electronics,Laptops,Laptop,1,52000.0,0.15,44200.0,39000.0,5200.0,Debit Card,Delivered
ORD01352,2025-05-07,CUST0417,Customer 0417,Female,58,Patna,Bihar,East,Electronics,Laptops,Laptop,1,52000.0,0.0,52000.0,39000.0,13000.0,Cash on Delivery,Delivered
ORD00324,2025-05-07,CUST0294,Customer 0294,Female,38,Patna,Bihar,East,Books,Education,Data Analytics Book,1,850.0,0.1,765.0,420.0,345.0,Debit Card,Delivered
ORD01098,2025-05-07,CUST0008,Customer 0008,Female,37,Bhubaneswar,Odisha,East,Sports,Fitness,Yoga Mat,1,1200.0,0.15,1020.0,550.0,470.0,Credit Card,Delivered
ORD00761,2025-05-08,CUST0038,Customer 0038,Male,40,Lucknow,Uttar Pradesh,North,Beauty,Skincare,Face Serum,1,900.0,0.15,765.0,420.0,345.0,Cash on Delivery,Delivered
ORD00912,2025-05-08,CUST0188,Customer 0188,Female,55,Jaipur,Rajasthan,North,Fashion,Men,Casual Shirt,1,1400.0,0.05,1330.0,700.0,630.0,Debit Card,Delivered
ORD01187,2025-05-08,CUST0339,Customer 0339,Female,44,Chennai,Tamil Nadu,South,Home & Kitchen,Appliances,Air Fryer,4,6500.0,0.15,22100.0,16800.0,5300.0,Debit Card,Delivered
ORD00445,2025-05-08,CUST0325,Customer 0325,Female,20,Hyderabad,Telangana,South,Home & Kitchen,Furniture,Office Chair,4,8500.0,0.1,30600.0,22800.0,7800.0,Credit Card,Delivered
ORD01332,2025-05-08,CUST0006,Customer 0006,Male,53,Chennai,Tamil Nadu,South,Home & Kitchen,Appliances,Air Fryer,1,6500.0,0.05,6175.0,4200.0,1975.0,Cash on Delivery,Delivered
ORD00694,2025-05-09,CUST0044,Customer 0044,Female,27,Ahmedabad,Gujarat,West,Home & Kitchen,Furniture,Office Chair,2,8500.0,0.15,14450.0,11400.0,3050.0,Credit Card,Delivered
ORD00938,2025-05-10,CUST0378,Customer 0378,Male,20,Lucknow,Uttar Pradesh,North,Sports,Fitness,Dumbbells,1,2600.0,0.0,2210.0,1450.0,-402.5,UPI,Returned
ORD01402,2025-05-11,CUST0373,Customer 0373,Male,19,Pune,Maharashtra,West,Fashion,Women,Kurti,1,1600.0,0.15,1156.0,800.0,-196.0,UPI,Returned
ORD00294,2025-05-11,CUST0156,Customer 0156,Female,43,Ahmedabad,Gujarat,West,Electronics,Laptops,Laptop,2,52000.0,0.1,93600.0,78000.0,15600.0,UPI,Delivered
ORD00964,2025-05-11,CUST0130,Customer 0130,Male,40,Patna,Bihar,East,Home & Kitchen,Appliances,Mixer Grinder,1,3200.0,0.0,3200.0,2100.0,1100.0,Debit Card,Delivered
ORD01022,2025-05-11,CUST0417,Customer 0417,Female,46,Kolkata,West Bengal,East,Electronics,Mobiles,Smartphone,1,18000.0,0.15,15300.0,12500.0,2800.0,Credit Card,Delivered
ORD00493,2025-05-11,CUST0096,Customer 0096,Male,55,Patna,Bihar,East,Electronics,Accessories,Wireless Earbuds,1,2500.0,0.15,1806.25,1450.0,-236.25,UPI,Returned
ORD01282,2025-05-11,CUST0480,Customer 0480,Male,33,Ahmedabad,Gujarat,West,Fashion,Men,Casual Shirt,1,1400.0,0.2,1120.0,700.0,420.0,Debit Card,Delivered
ORD00589,2025-05-12,CUST0108,Customer 0108,Female,47,Pune,Maharashtra,West,Fashion,Men,Casual Shirt,1,1400.0,0.05,1330.0,700.0,630.0,Cash on Delivery,Delivered
ORD01297,2025-05-12,CUST0030,Customer 0030,Male,21,Bengaluru,Karnataka,South,Electronics,Mobiles,Smartphone,1,18000.0,0.15,15300.0,12500.0,2800.0,Net Banking,Delivered
ORD01273,2025-05-12,CUST0420,Customer 0420,Female,33,Ahmedabad,Gujarat,West,Fashion,Men,Casual Shirt,1,1400.0,0.1,0.0,700.0,0.0,Net Banking,Cancelled
ORD01096,2025-05-13,CUST0410,Customer 0410,Male,43,Bhubaneswar,Odisha,East,Fashion,Accessories,Backpack,1,1800.0,0.1,1620.0,950.0,670.0,Net Banking,Delivered
ORD01210,2025-05-13,CUST0199,Customer 0199,Female,24,Mumbai,Maharashtra,West,Beauty,Personal Care,Hair Dryer,1,2400.0,0.0,2400.0,1350.0,1050.0,Debit Card,Delivered
ORD00247,2025-05-13,CUST0366,Customer 0366,Female,28,Ahmedabad,Gujarat,West,Books,Education,Data Analytics Book,1,850.0,0.05,0.0,420.0,0.0,Cash on Delivery,Cancelled
ORD00206,2025-05-13,CUST0228,Customer 0228,Male,60,Delhi,Delhi,North,Fashion,Accessories,Backpack,1,1800.0,0.1,1620.0,950.0,670.0,Credit Card,Delivered
ORD00684,2025-05-14,CUST0012,Customer 0012,Female,47,Kolkata,West Bengal,East,Beauty,Personal Care,Hair Dryer,1,2400.0,0.0,2400.0,1350.0,1050.0,Net Banking,Delivered
ORD00230,2025-05-14,CUST0073,Customer 0073,Male,38,Patna,Bihar,East,Beauty,Personal Care,Hair Dryer,1,2400.0,0.0,2040.0,1350.0,-367.5,Debit Card,Returned
ORD01443,2025-05-14,CUST0320,Customer 0320,Female,35,Jaipur,Rajasthan,North,Home & Kitchen,Kitchen,Cookware Set,4,2800.0,0.0,11200.0,6600.0,4600.0,Debit Card,Delivered
ORD01150,2025-05-14,CUST0166,Customer 0166,Male,45,Bengaluru,Karnataka,South,Sports,Fitness,Dumbbells,1,2600.0,0.1,2340.0,1450.0,890.0,UPI,Delivered
ORD00924,2025-05-14,CUST0464,Customer 0464,Male,33,Pune,Maharashtra,West,Fashion,Men,Casual Shirt,1,1400.0,0.05,0.0,700.0,0.0,UPI,Cancelled
ORD00293,2025-05-14,CUST0450,Customer 0450,Male,26,Mumbai,Maharashtra,West,Books,Education,Python Programming Book,2,1100.0,0.05,2090.0,1040.0,1050.0,Net Banking,Delivered
ORD01313,2025-05-14,CUST0018,Customer 0018,Female,41,Madurai,Tamil Nadu,South,Sports,Fitness,Dumbbells,1,2600.0,0.0,2600.0,1450.0,1150.0,Debit Card,Delivered
ORD01154,2025-05-15,CUST0228,Customer 0228,Male,26,Kolkata,West Bengal,East,Beauty,Personal Care,Hair Dryer,2,2400.0,0.2,3840.0,2700.0,1140.0,Debit Card,Delivered
ORD00614,2025-05-15,CUST0347,Customer 0347,Male,48,Ahmedabad,Gujarat,West,Fashion,Women,Kurti,2,1600.0,0.1,2448.0,1600.0,-448.0,Net Banking,Returned
ORD00371,2025-05-15,CUST0264,Customer 0264,Male,40,Hyderabad,Telangana,South,Electronics,Accessories,Smart Watch,2,4500.0,0.1,8100.0,5400.0,2700.0,UPI,Delivered
ORD01465,2025-05-15,CUST0359,Customer 0359,Female,39,Pune,Maharashtra,West,Home & Kitchen,Kitchen,Cookware Set,1,2800.0,0.0,2800.0,1650.0,1150.0,UPI,Delivered
ORD01258,2025-05-15,CUST0491,Customer 0491,Male,54,Bhubaneswar,Odisha,East,Electronics,Accessories,Smart Watch,1,4500.0,0.0,3825.0,2700.0,-630.0,Cash on Delivery,Returned
ORD00510,2025-05-17,CUST0472,Customer 0472,Male,31,Bengaluru,Karnataka,South,Home & Kitchen,Appliances,Air Fryer,1,6500.0,0.1,0.0,4200.0,0.0,Net Banking,Cancelled
ORD01064,2025-05-17,CUST0245,Customer 0245,Male,43,Lucknow,Uttar Pradesh,North,Home & Kitchen,Kitchen,Cookware Set,2,2800.0,0.0,4760.0,3300.0,-805.0,Debit Card,Returned
ORD00835,2025-05-17,CUST0468,Customer 0468,Female,56,Mumbai,Maharashtra,West,Electronics,Laptops,Laptop,2,52000.0,0.0,104000.0,78000.0,26000.0,UPI,Delivered
ORD00604,2025-05-17,CUST0068,Customer 0068,Female,51,Ahmedabad,Gujarat,West,Sports,Fitness,Yoga Mat,1,1200.0,0.0,1200.0,550.0,650.0,Debit Card,Delivered
ORD00385,2025-05-17,CUST0156,Customer 0156,Female,60,Mumbai,Maharashtra,West,Fashion,Accessories,Backpack,2,1800.0,0.15,3060.0,1900.0,1160.0,Net Banking,Delivered
ORD01138,2025-05-17,CUST0135,Customer 0135,Female,36,Jaipur,Rajasthan,North,Books,Education,Data Analytics Book,1,850.0,0.0,850.0,420.0,430.0,Credit Card,Delivered
ORD00099,2025-05-17,CUST0296,Customer 0296,Female,39,Ahmedabad,Gujarat,West,Fashion,Footwear,Running Shoes,1,3200.0,0.05,3040.0,1750.0,1290.0,Cash on Delivery,Delivered
ORD00864,2025-05-17,CUST0463,Customer 0463,Male,37,Jaipur,Rajasthan,North,Electronics,Laptops,Laptop,1,52000.0,0.05,0.0,39000.0,0.0,Credit Card,Cancelled
ORD00428,2025-05-18,CUST0443,Customer 0443,Male,30,Patna,Bihar,East,Sports,Fitness,Dumbbells,2,2600.0,0.05,4940.0,2900.0,2040.0,Debit Card,Delivered
ORD00920,2025-05-18,CUST0042,Customer 0042,Female,49,Bhubaneswar,Odisha,East,Fashion,Footwear,Running Shoes,2,3200.0,0.0,0.0,3500.0,0.0,Credit Card,Cancelled
ORD00843,2025-05-19,CUST0398,Customer 0398,Female,27,Lucknow,Uttar Pradesh,North,Home & Kitchen,Kitchen,Cookware Set,2,2800.0,0.0,5600.0,3300.0,2300.0,Debit Card,Delivered
ORD00953,2025-05-19,CUST0329,Customer 0329,Male,43,Lucknow,Uttar Pradesh,North,Electronics,Accessories,Smart Watch,1,4500.0,0.05,4275.0,2700.0,1575.0,Credit Card,Delivered
ORD00936,2025-05-19,CUST0123,Customer 0123,Female,48,Chennai,Tamil Nadu,South,Electronics,Laptops,Laptop,1,52000.0,0.05,49400.0,39000.0,10400.0,UPI,Delivered
ORD00505,2025-05-19,CUST0063,Customer 0063,Female,36,Chennai,Tamil Nadu,South,Electronics,Accessories,Wireless Earbuds,1,2500.0,0.05,2375.0,1450.0,925.0,Cash on Delivery,Delivered
ORD00296,2025-05-19,CUST0212,Customer 0212,Male,33,Hyderabad,Telangana,South,Fashion,Accessories,Backpack,2,1800.0,0.05,3420.0,1900.0,1520.0,Credit Card,Delivered
ORD00502,2025-05-20,CUST0392,Customer 0392,Female,44,Delhi,Delhi,North,Sports,Fitness,Yoga Mat,2,1200.0,0.0,2400.0,1100.0,1300.0,Cash on Delivery,Delivered
ORD00875,2025-05-20,CUST0347,Customer 0347,Male,30,Bengaluru,Karnataka,South,Fashion,Women,Kurti,1,1600.0,0.0,1360.0,800.0,-280.0,Net Banking,Returned
ORD00681,2025-05-20,CUST0216,Customer 0216,Female,51,Patna,Bihar,East,Books,Education,Data Analytics Book,3,850.0,0.1,1950.75,1260.0,-362.25,Cash on Delivery,Returned
ORD00313,2025-05-21,CUST0190,Customer 0190,Female,60,Bhubaneswar,Odisha,East,Books,Education,Data Analytics Book,1,850.0,0.15,722.5,420.0,302.5,Cash on Delivery,Delivered
ORD00966,2025-05-21,CUST0300,Customer 0300,Female,21,Coimbatore,Tamil Nadu,South,Fashion,Men,Casual Shirt,1,1400.0,0.05,1330.0,700.0,630.0,UPI,Delivered
ORD00750,2025-05-21,CUST0355,Customer 0355,Male,58,Patna,Bihar,East,Beauty,Personal Care,Hair Dryer,1,2400.0,0.1,2160.0,1350.0,810.0,Credit Card,Delivered
ORD01222,2025-05-21,CUST0371,Customer 0371,Female,31,Pune,Maharashtra,West,Fashion,Accessories,Backpack,1,1800.0,0.0,1800.0,950.0,850.0,Net Banking,Delivered
ORD00549,2025-05-21,CUST0022,Customer 0022,Female,53,Madurai,Tamil Nadu,South,Electronics,Laptops,Laptop,1,52000.0,0.2,41600.0,39000.0,2600.0,UPI,Delivered
ORD01495,2025-05-21,CUST0098,Customer 0098,Female,41,Chennai,Tamil Nadu,South,Electronics,Laptops,Laptop,1,52000.0,0.15,37570.0,39000.0,-1820.0,Cash on Delivery,Returned
ORD00144,2025-05-21,CUST0039,Customer 0039,Female,46,Coimbatore,Tamil Nadu,South,Beauty,Skincare,Face Serum,1,900.0,0.2,720.0,420.0,300.0,UPI,Delivered
ORD01356,2025-05-21,CUST0048,Customer 0048,Male,29,Ahmedabad,Gujarat,West,Sports,Fitness,Dumbbells,2,2600.0,0.15,0.0,2900.0,0.0,Credit Card,Cancelled
ORD01226,2025-05-21,CUST0294,Customer 0294,Female,57,Lucknow,Uttar Pradesh,North,Fashion,Accessories,Backpack,1,1800.0,0.0,0.0,950.0,0.0,Net Banking,Cancelled
ORD01499,2025-05-22,CUST0082,Customer 0082,Male,30,Pune,Maharashtra,West,Books,Education,Python Programming Book,1,1100.0,0.2,748.0,520.0,-126.0,Cash on Delivery,Returned
ORD00815,2025-05-23,CUST0208,Customer 0208,Female,49,Patna,Bihar,East,Electronics,Accessories,Wireless Earbuds,1,2500.0,0.0,2500.0,1450.0,1050.0,Debit Card,Delivered
ORD00067,2025-05-24,CUST0224,Customer 0224,Female,25,Hyderabad,Telangana,South,Electronics,Accessories,Wireless Earbuds,2,2500.0,0.2,4000.0,2900.0,1100.0,Cash on Delivery,Delivered
ORD01190,2025-05-24,CUST0390,Customer 0390,Male,25,Delhi,Delhi,North,Electronics,Accessories,Smart Watch,3,4500.0,0.05,12825.0,8100.0,4725.0,Credit Card,Delivered
ORD01073,2025-05-24,CUST0333,Customer 0333,Male,29,Kolkata,West Bengal,East,Electronics,Mobiles,Smartphone,2,18000.0,0.05,34200.0,25000.0,9200.0,Net Banking,Delivered
ORD00874,2025-05-25,CUST0284,Customer 0284,Female,44,Ahmedabad,Gujarat,West,Fashion,Accessories,Backpack,1,1800.0,0.1,1620.0,950.0,670.0,UPI,Delivered
ORD01237,2025-05-25,CUST0494,Customer 0494,Male,23,Mumbai,Maharashtra,West,Beauty,Personal Care,Hair Dryer,1,2400.0,0.0,2400.0,1350.0,1050.0,Debit Card,Delivered
ORD00689,2025-05-25,CUST0268,Customer 0268,Male,21,Jaipur,Rajasthan,North,Books,Education,Data Analytics Book,2,850.0,0.15,1445.0,840.0,605.0,Credit Card,Delivered
ORD01004,2025-05-25,CUST0049,Customer 0049,Female,37,Coimbatore,Tamil Nadu,South,Fashion,Men,Casual Shirt,1,1400.0,0.05,1330.0,700.0,630.0,Credit Card,Delivered
ORD00722,2025-05-25,CUST0045,Customer 0045,Female,31,Hyderabad,Telangana,South,Sports,Fitness,Yoga Mat,1,1200.0,0.15,867.0,550.0,-164.5,Cash on Delivery,Returned
ORD00624,2025-05-26,CUST0426,Customer 0426,Male,27,Bengaluru,Karnataka,South,Sports,Fitness,Yoga Mat,2,1200.0,0.15,2040.0,1100.0,940.0,Net Banking,Delivered
ORD00060,2025-05-26,CUST0492,Customer 0492,Male,55,Lucknow,Uttar Pradesh,North,Fashion,Footwear,Running Shoes,3,3200.0,0.1,8640.0,5250.0,3390.0,Net Banking,Delivered
ORD01011,2025-05-27,CUST0375,Customer 0375,Female,45,Hyderabad,Telangana,South,Electronics,Accessories,Smart Watch,4,4500.0,0.2,12240.0,10800.0,-1260.0,UPI,Returned
ORD00316,2025-05-27,CUST0001,Customer 0001,Female,36,Lucknow,Uttar Pradesh,North,Beauty,Personal Care,Hair Dryer,1,2400.0,0.2,1920.0,1350.0,570.0,Cash on Delivery,Delivered
ORD00277,2025-05-28,CUST0426,Customer 0426,Female,31,Ahmedabad,Gujarat,West,Fashion,Footwear,Running Shoes,1,3200.0,0.15,2720.0,1750.0,970.0,UPI,Delivered
ORD00679,2025-05-28,CUST0154,Customer 0154,Female,31,Mumbai,Maharashtra,West,Sports,Fitness,Dumbbells,1,2600.0,0.1,2340.0,1450.0,890.0,UPI,Delivered
ORD00419,2025-05-28,CUST0322,Customer 0322,Female,51,Lucknow,Uttar Pradesh,North,Fashion,Men,Casual Shirt,1,1400.0,0.1,0.0,700.0,0.0,Debit Card,Cancelled
ORD00268,2025-05-28,CUST0047,Customer 0047,Female,28,Mumbai,Maharashtra,West,Electronics,Accessories,Smart Watch,2,4500.0,0.0,7650.0,5400.0,-1260.0,UPI,Returned
ORD00822,2025-05-28,CUST0454,Customer 0454,Male,20,Bhubaneswar,Odisha,East,Home & Kitchen,Appliances,Air Fryer,2,6500.0,0.1,11700.0,8400.0,3300.0,UPI,Delivered
ORD00365,2025-05-29,CUST0356,Customer 0356,Male,60,Mumbai,Maharashtra,West,Fashion,Accessories,Backpack,2,1800.0,0.05,3420.0,1900.0,1520.0,Debit Card,Delivered
ORD00565,2025-05-29,CUST0206,Customer 0206,Female,29,Hyderabad,Telangana,South,Electronics,Accessories,Smart Watch,1,4500.0,0.1,0.0,2700.0,0.0,UPI,Cancelled
ORD01426,2025-05-29,CUST0307,Customer 0307,Male,41,Hyderabad,Telangana,South,Books,Education,Python Programming Book,1,1100.0,0.0,1100.0,520.0,580.0,UPI,Delivered
ORD01189,2025-05-29,CUST0044,Customer 0044,Female,51,Kolkata,West Bengal,East,Fashion,Accessories,Backpack,1,1800.0,0.05,1710.0,950.0,760.0,Credit Card,Delivered
ORD01047,2025-05-30,CUST0145,Customer 0145,Male,44,Delhi,Delhi,North,Home & Kitchen,Appliances,Air Fryer,1,6500.0,0.05,6175.0,4200.0,1975.0,UPI,Delivered
ORD00809,2025-05-30,CUST0099,Customer 0099,Female,39,Chennai,Tamil Nadu,South,Home & Kitchen,Appliances,Air Fryer,1,6500.0,0.05,6175.0,4200.0,1975.0,Debit Card,Delivered
ORD00477,2025-05-30,CUST0414,Customer 0414,Male,37,Ahmedabad,Gujarat,West,Fashion,Footwear,Running Shoes,2,3200.0,0.0,6400.0,3500.0,2900.0,Cash on Delivery,Delivered
ORD01205,2025-05-30,CUST0046,Customer 0046,Male,34,Patna,Bihar,East,Fashion,Footwear,Running Shoes,1,3200.0,0.0,3200.0,1750.0,1450.0,Net Banking,Delivered
ORD00091,2025-05-30,CUST0350,Customer 0350,Male,47,Delhi,Delhi,North,Electronics,Mobiles,Smartphone,1,18000.0,0.05,17100.0,12500.0,4600.0,UPI,Delivered
ORD00960,2025-05-30,CUST0073,Customer 0073,Female,40,Patna,Bihar,East,Electronics,Laptops,Laptop,1,52000.0,0.2,35360.0,39000.0,-910.0,Net Banking,Returned
ORD00537,2025-05-30,CUST0490,Customer 0490,Male,26,Mumbai,Maharashtra,West,Electronics,Mobiles,Smartphone,2,18000.0,0.05,34200.0,25000.0,9200.0,Cash on Delivery,Delivered
ORD00563,2025-05-30,CUST0022,Customer 0022,Female,33,Jaipur,Rajasthan,North,Fashion,Accessories,Backpack,1,1800.0,0.1,1620.0,950.0,670.0,Net Banking,Delivered
ORD01440,2025-05-30,CUST0324,Customer 0324,Male,58,Coimbatore,Tamil Nadu,South,Beauty,Skincare,Face Serum,1,900.0,0.0,900.0,420.0,480.0,Cash on Delivery,Delivered
ORD00026,2025-05-31,CUST0252,Customer 0252,Female,43,Kolkata,West Bengal,East,Books,Education,Python Programming Book,1,1100.0,0.1,0.0,520.0,0.0,UPI,Cancelled
ORD00227,2025-05-31,CUST0258,Customer 0258,Male,26,Patna,Bihar,East,Electronics,Accessories,Smart Watch,1,4500.0,0.05,4275.0,2700.0,1575.0,UPI,Delivered
ORD01145,2025-06-01,CUST0495,Customer 0495,Female,23,Patna,Bihar,East,Sports,Fitness,Dumbbells,2,2600.0,0.15,0.0,2900.0,0.0,Net Banking,Cancelled
ORD00133,2025-06-01,CUST0250,Customer 0250,Female,37,Pune,Maharashtra,West,Sports,Fitness,Yoga Mat,3,1200.0,0.1,3240.0,1650.0,1590.0,Debit Card,Delivered
ORD00512,2025-06-01,CUST0271,Customer 0271,Male,29,Madurai,Tamil Nadu,South,Electronics,Accessories,Wireless Earbuds,2,2500.0,0.15,4250.0,2900.0,1350.0,UPI,Delivered
ORD00944,2025-06-02,CUST0056,Customer 0056,Female,42,Lucknow,Uttar Pradesh,North,Sports,Fitness,Dumbbells,2,2600.0,0.1,4680.0,2900.0,1780.0,Debit Card,Delivered
ORD00899,2025-06-02,CUST0018,Customer 0018,Female,45,Kolkata,West Bengal,East,Home & Kitchen,Furniture,Office Chair,2,8500.0,0.1,13005.0,11400.0,-1365.0,Debit Card,Returned
ORD00172,2025-06-02,CUST0236,Customer 0236,Female,53,Patna,Bihar,East,Sports,Fitness,Yoga Mat,1,1200.0,0.1,918.0,550.0,-185.5,UPI,Returned
ORD00318,2025-06-02,CUST0431,Customer 0431,Male,37,Hyderabad,Telangana,South,Home & Kitchen,Kitchen,Cookware Set,1,2800.0,0.0,2800.0,1650.0,1150.0,Credit Card,Delivered
ORD01424,2025-06-03,CUST0010,Customer 0010,Female,39,Bhubaneswar,Odisha,East,Electronics,Accessories,Smart Watch,2,4500.0,0.0,9000.0,5400.0,3600.0,UPI,Delivered
ORD00292,2025-06-03,CUST0476,Customer 0476,Male,26,Bengaluru,Karnataka,South,Electronics,Laptops,Laptop,1,52000.0,0.1,46800.0,39000.0,7800.0,Cash on Delivery,Delivered
ORD00128,2025-06-03,CUST0293,Customer 0293,Male,23,Patna,Bihar,East,Electronics,Accessories,Smart Watch,1,4500.0,0.0,0.0,2700.0,0.0,Credit Card,Cancelled
ORD01143,2025-06-03,CUST0252,Customer 0252,Male,20,Lucknow,Uttar Pradesh,North,Books,Education,Python Programming Book,1,1100.0,0.1,990.0,520.0,470.0,UPI,Delivered
ORD00623,2025-06-03,CUST0377,Customer 0377,Female,22,Bhubaneswar,Odisha,East,Fashion,Men,Casual Shirt,3,1400.0,0.0,4200.0,2100.0,2100.0,Net Banking,Delivered
ORD01094,2025-06-03,CUST0358,Customer 0358,Male,33,Bengaluru,Karnataka,South,Home & Kitchen,Furniture,Office Chair,1,8500.0,0.0,8500.0,5700.0,2800.0,Credit Card,Delivered
ORD01038,2025-06-03,CUST0223,Customer 0223,Male,50,Pune,Maharashtra,West,Books,Education,Python Programming Book,1,1100.0,0.15,935.0,520.0,415.0,Debit Card,Delivered
ORD00579,2025-06-03,CUST0117,Customer 0117,Male,41,Pune,Maharashtra,West,Electronics,Accessories,Smart Watch,2,4500.0,0.05,8550.0,5400.0,3150.0,UPI,Delivered
ORD00915,2025-06-03,CUST0395,Customer 0395,Male,51,Coimbatore,Tamil Nadu,South,Fashion,Footwear,Running Shoes,1,3200.0,0.0,3200.0,1750.0,1450.0,UPI,Delivered
ORD01091,2025-06-04,CUST0142,Customer 0142,Female,22,Madurai,Tamil Nadu,South,Electronics,Mobiles,Smartphone,1,18000.0,0.0,18000.0,12500.0,5500.0,Net Banking,Delivered
ORD00472,2025-06-04,CUST0075,Customer 0075,Male,22,Lucknow,Uttar Pradesh,North,Books,Education,Python Programming Book,2,1100.0,0.05,0.0,1040.0,0.0,UPI,Cancelled
ORD00947,2025-06-05,CUST0439,Customer 0439,Female,52,Mumbai,Maharashtra,West,Home & Kitchen,Kitchen,Cookware Set,1,2800.0,0.0,2800.0,1650.0,1150.0,Credit Card,Delivered
ORD01195,2025-06-05,CUST0455,Customer 0455,Female,25,Kolkata,West Bengal,East,Electronics,Laptops,Laptop,1,52000.0,0.1,46800.0,39000.0,7800.0,Cash on Delivery,Delivered
ORD00986,2025-06-05,CUST0490,Customer 0490,Male,34,Lucknow,Uttar Pradesh,North,Beauty,Skincare,Face Serum,1,900.0,0.05,855.0,420.0,435.0,Cash on Delivery,Delivered
ORD00704,2025-06-05,CUST0258,Customer 0258,Male,54,Lucknow,Uttar Pradesh,North,Fashion,Accessories,Backpack,1,1800.0,0.15,1530.0,950.0,580.0,Credit Card,Delivered
ORD01437,2025-06-05,CUST0147,Customer 0147,Male,24,Mumbai,Maharashtra,West,Books,Education,Data Analytics Book,1,850.0,0.2,680.0,420.0,260.0,Net Banking,Delivered
ORD00793,2025-06-06,CUST0441,Customer 0441,Male,56,Mumbai,Maharashtra,West,Fashion,Women,Kurti,2,1600.0,0.05,3040.0,1600.0,1440.0,Debit Card,Delivered
ORD00898,2025-06-06,CUST0186,Customer 0186,Female,54,Mumbai,Maharashtra,West,Fashion,Footwear,Running Shoes,1,3200.0,0.1,2880.0,1750.0,1130.0,Net Banking,Delivered
ORD01056,2025-06-06,CUST0067,Customer 0067,Male,53,Jaipur,Rajasthan,North,Electronics,Mobiles,Smartphone,1,18000.0,0.05,17100.0,12500.0,4600.0,Debit Card,Delivered
ORD00849,2025-06-07,CUST0344,Customer 0344,Female,44,Patna,Bihar,East,Fashion,Accessories,Backpack,2,1800.0,0.15,3060.0,1900.0,1160.0,Credit Card,Delivered
ORD00032,2025-06-07,CUST0264,Customer 0264,Male,44,Lucknow,Uttar Pradesh,North,Beauty,Personal Care,Hair Dryer,4,2400.0,0.05,7752.0,5400.0,-1302.0,Credit Card,Returned
ORD00306,2025-06-07,CUST0050,Customer 0050,Male,38,Patna,Bihar,East,Books,Education,Data Analytics Book,1,850.0,0.05,686.38,420.0,-135.62,Net Banking,Returned
ORD01152,2025-06-07,CUST0423,Customer 0423,Female,35,Madurai,Tamil Nadu,South,Books,Education,Python Programming Book,1,1100.0,0.05,1045.0,520.0,525.0,Net Banking,Delivered
ORD00667,2025-06-07,CUST0097,Customer 0097,Female,59,Pune,Maharashtra,West,Electronics,Laptops,Laptop,2,52000.0,0.05,98800.0,78000.0,20800.0,Debit Card,Delivered
ORD00265,2025-06-08,CUST0366,Customer 0366,Male,39,Patna,Bihar,East,Books,Education,Python Programming Book,1,1100.0,0.05,0.0,520.0,0.0,Net Banking,Cancelled
ORD00201,2025-06-08,CUST0102,Customer 0102,Female,21,Hyderabad,Telangana,South,Beauty,Skincare,Face Serum,2,900.0,0.15,1530.0,840.0,690.0,Debit Card,Delivered
ORD00561,2025-06-08,CUST0012,Customer 0012,Male,45,Madurai,Tamil Nadu,South,Electronics,Accessories,Smart Watch,2,4500.0,0.05,0.0,5400.0,0.0,Cash on Delivery,Cancelled
ORD00211,2025-06-08,CUST0445,Customer 0445,Female,53,Jaipur,Rajasthan,North,Home & Kitchen,Furniture,Office Chair,2,8500.0,0.0,17000.0,11400.0,5600.0,Cash on Delivery,Delivered
ORD00388,2025-06-09,CUST0468,Customer 0468,Female,47,Madurai,Tamil Nadu,South,Electronics,Mobiles,Smartphone,1,18000.0,0.05,17100.0,12500.0,4600.0,Debit Card,Delivered
ORD01003,2025-06-09,CUST0316,Customer 0316,Male,46,Chennai,Tamil Nadu,South,Electronics,Mobiles,Smartphone,1,18000.0,0.15,15300.0,12500.0,2800.0,Credit Card,Delivered
ORD00176,2025-06-09,CUST0148,Customer 0148,Male,27,Delhi,Delhi,North,Beauty,Personal Care,Hair Dryer,1,2400.0,0.05,2280.0,1350.0,930.0,Credit Card,Delivered
ORD00279,2025-06-10,CUST0327,Customer 0327,Female,50,Kolkata,West Bengal,East,Fashion,Men,Casual Shirt,1,1400.0,0.0,1400.0,700.0,700.0,UPI,Delivered
ORD00143,2025-06-10,CUST0450,Customer 0450,Male,52,Bhubaneswar,Odisha,East,Books,Education,Python Programming Book,2,1100.0,0.1,1683.0,1040.0,-329.0,Credit Card,Returned
ORD01092,2025-06-10,CUST0445,Customer 0445,Female,32,Kolkata,West Bengal,East,Sports,Fitness,Yoga Mat,1,1200.0,0.1,1080.0,550.0,530.0,Credit Card,Delivered
ORD00903,2025-06-10,CUST0046,Customer 0046,Female,33,Pune,Maharashtra,West,Home & Kitchen,Furniture,Office Chair,1,8500.0,0.15,7225.0,5700.0,1525.0,Cash on Delivery,Delivered
ORD01422,2025-06-10,CUST0028,Customer 0028,Female,53,Pune,Maharashtra,West,Electronics,Accessories,Wireless Earbuds,1,2500.0,0.05,2375.0,1450.0,925.0,Cash on Delivery,Delivered
ORD00120,2025-06-11,CUST0288,Customer 0288,Female,24,Jaipur,Rajasthan,North,Fashion,Women,Kurti,1,1600.0,0.0,1600.0,800.0,800.0,Net Banking,Delivered
ORD01104,2025-06-11,CUST0326,Customer 0326,Male,35,Madurai,Tamil Nadu,South,Beauty,Personal Care,Hair Dryer,2,2400.0,0.0,0.0,2700.0,0.0,Debit Card,Cancelled
ORD01248,2025-06-11,CUST0167,Customer 0167,Female,40,Delhi,Delhi,North,Electronics,Accessories,Smart Watch,1,4500.0,0.15,3825.0,2700.0,1125.0,Credit Card,Delivered
ORD00930,2025-06-11,CUST0225,Customer 0225,Male,23,Delhi,Delhi,North,Fashion,Men,Casual Shirt,4,1400.0,0.05,5320.0,2800.0,2520.0,Net Banking,Delivered
ORD01469,2025-06-11,CUST0431,Customer 0431,Male,44,Pune,Maharashtra,West,Beauty,Personal Care,Hair Dryer,2,2400.0,0.0,4800.0,2700.0,2100.0,UPI,Delivered
ORD00008,2025-06-11,CUST0304,Customer 0304,Male,25,Jaipur,Rajasthan,North,Fashion,Accessories,Backpack,1,1800.0,0.2,0.0,950.0,0.0,Cash on Delivery,Cancelled
ORD00852,2025-06-12,CUST0210,Customer 0210,Female,35,Lucknow,Uttar Pradesh,North,Fashion,Women,Kurti,2,1600.0,0.2,2560.0,1600.0,960.0,Cash on Delivery,Delivered
ORD00919,2025-06-12,CUST0054,Customer 0054,Male,59,Chennai,Tamil Nadu,South,Fashion,Footwear,Running Shoes,1,3200.0,0.1,2880.0,1750.0,1130.0,Cash on Delivery,Delivered
ORD00982,2025-06-12,CUST0365,Customer 0365,Male,50,Bengaluru,Karnataka,South,Electronics,Laptops,Laptop,1,52000.0,0.15,37570.0,39000.0,-1820.0,Cash on Delivery,Returned
ORD01140,2025-06-13,CUST0252,Customer 0252,Female,52,Bengaluru,Karnataka,South,Books,Education,Python Programming Book,1,1100.0,0.0,1100.0,520.0,580.0,Net Banking,Delivered
ORD00066,2025-06-13,CUST0047,Customer 0047,Male,31,Lucknow,Uttar Pradesh,North,Home & Kitchen,Appliances,Mixer Grinder,1,3200.0,0.2,2560.0,2100.0,460.0,UPI,Delivered
ORD00564,2025-06-13,CUST0480,Customer 0480,Male,33,Bengaluru,Karnataka,South,Electronics,Mobiles,Smartphone,1,18000.0,0.1,0.0,12500.0,0.0,Debit Card,Cancelled
ORD00190,2025-06-13,CUST0010,Customer 0010,Male,31,Hyderabad,Telangana,South,Electronics,Mobiles,Smartphone,3,18000.0,0.05,51300.0,37500.0,13800.0,Credit Card,Delivered
ORD00626,2025-06-13,CUST0073,Customer 0073,Female,24,Hyderabad,Telangana,South,Fashion,Women,Kurti,1,1600.0,0.1,1440.0,800.0,640.0,Credit Card,Delivered
ORD00439,2025-06-14,CUST0495,Customer 0495,Female,40,Bhubaneswar,Odisha,East,Sports,Fitness,Yoga Mat,1,1200.0,0.1,1080.0,550.0,530.0,Net Banking,Delivered
ORD00816,2025-06-15,CUST0195,Customer 0195,Female,31,Coimbatore,Tamil Nadu,South,Electronics,Laptops,Laptop,2,52000.0,0.05,98800.0,78000.0,20800.0,UPI,Delivered
ORD00726,2025-06-15,CUST0161,Customer 0161,Male,31,Delhi,Delhi,North,Home & Kitchen,Kitchen,Cookware Set,1,2800.0,0.05,2660.0,1650.0,1010.0,UPI,Delivered
ORD00880,2025-06-15,CUST0090,Customer 0090,Male,29,Ahmedabad,Gujarat,West,Home & Kitchen,Kitchen,Cookware Set,1,2800.0,0.05,2660.0,1650.0,1010.0,UPI,Delivered
ORD00742,2025-06-15,CUST0001,Customer 0001,Male,48,Patna,Bihar,East,Sports,Fitness,Dumbbells,1,2600.0,0.15,2210.0,1450.0,760.0,Cash on Delivery,Delivered
ORD01225,2025-06-15,CUST0134,Customer 0134,Male,40,Hyderabad,Telangana,South,Sports,Fitness,Dumbbells,2,2600.0,0.0,4420.0,2900.0,-805.0,Cash on Delivery,Returned
ORD00524,2025-06-15,CUST0163,Customer 0163,Female,31,Bhubaneswar,Odisha,East,Books,Education,Data Analytics Book,1,850.0,0.05,686.38,420.0,-135.62,Net Banking,Returned
ORD00418,2025-06-15,CUST0219,Customer 0219,Male,55,Kolkata,West Bengal,East,Fashion,Women,Kurti,3,1600.0,0.1,0.0,2400.0,0.0,Cash on Delivery,Cancelled
ORD00774,2025-06-15,CUST0073,Customer 0073,Male,44,Mumbai,Maharashtra,West,Sports,Fitness,Dumbbells,1,2600.0,0.2,2080.0,1450.0,630.0,Net Banking,Delivered
ORD01076,2025-06-16,CUST0350,Customer 0350,Female,52,Chennai,Tamil Nadu,South,Electronics,Laptops,Laptop,2,52000.0,0.1,93600.0,78000.0,15600.0,Debit Card,Delivered
ORD00442,2025-06-16,CUST0118,Customer 0118,Male,45,Lucknow,Uttar Pradesh,North,Beauty,Personal Care,Hair Dryer,1,2400.0,0.05,2280.0,1350.0,930.0,Debit Card,Delivered
ORD01251,2025-06-16,CUST0267,Customer 0267,Female,43,Coimbatore,Tamil Nadu,South,Books,Education,Data Analytics Book,2,850.0,0.05,1615.0,840.0,775.0,Cash on Delivery,Delivered
ORD00284,2025-06-17,CUST0066,Customer 0066,Male,20,Mumbai,Maharashtra,West,Beauty,Personal Care,Hair Dryer,4,2400.0,0.15,0.0,5400.0,0.0,Cash on Delivery,Cancelled
ORD01361,2025-06-17,CUST0227,Customer 0227,Female,45,Hyderabad,Telangana,South,Books,Education,Data Analytics Book,1,850.0,0.1,765.0,420.0,345.0,Credit Card,Delivered
ORD00051,2025-06-17,CUST0012,Customer 0012,Male,19,Madurai,Tamil Nadu,South,Electronics,Mobiles,Smartphone,2,18000.0,0.0,36000.0,25000.0,11000.0,Net Banking,Delivered
ORD01265,2025-06-17,CUST0355,Customer 0355,Female,50,Madurai,Tamil Nadu,South,Home & Kitchen,Appliances,Air Fryer,2,6500.0,0.1,11700.0,8400.0,3300.0,Net Banking,Delivered
ORD01155,2025-06-17,CUST0325,Customer 0325,Male,59,Bengaluru,Karnataka,South,Home & Kitchen,Appliances,Air Fryer,1,6500.0,0.15,0.0,4200.0,0.0,Net Banking,Cancelled
ORD00398,2025-06-17,CUST0212,Customer 0212,Male,39,Delhi,Delhi,North,Fashion,Women,Kurti,1,1600.0,0.05,1520.0,800.0,720.0,Cash on Delivery,Delivered
ORD00097,2025-06-17,CUST0329,Customer 0329,Male,26,Coimbatore,Tamil Nadu,South,Beauty,Skincare,Face Serum,2,900.0,0.05,1710.0,840.0,870.0,Debit Card,Delivered
ORD01159,2025-06-17,CUST0205,Customer 0205,Male,28,Mumbai,Maharashtra,West,Electronics,Accessories,Smart Watch,1,4500.0,0.2,3600.0,2700.0,900.0,Net Banking,Delivered
ORD00381,2025-06-18,CUST0090,Customer 0090,Female,29,Kolkata,West Bengal,East,Home & Kitchen,Appliances,Air Fryer,1,6500.0,0.2,5200.0,4200.0,1000.0,Debit Card,Delivered
ORD00946,2025-06-18,CUST0482,Customer 0482,Female,58,Kolkata,West Bengal,East,Beauty,Skincare,Face Serum,1,900.0,0.1,688.5,420.0,-136.5,Credit Card,Returned
ORD00945,2025-06-18,CUST0322,Customer 0322,Female,33,Jaipur,Rajasthan,North,Fashion,Women,Kurti,1,1600.0,0.1,1440.0,800.0,640.0,UPI,Delivered
ORD00760,2025-06-18,CUST0181,Customer 0181,Male,37,Coimbatore,Tamil Nadu,South,Beauty,Skincare,Face Serum,1,900.0,0.2,720.0,420.0,300.0,Net Banking,Delivered
ORD00804,2025-06-19,CUST0467,Customer 0467,Male,36,Lucknow,Uttar Pradesh,North,Books,Education,Python Programming Book,2,1100.0,0.1,1980.0,1040.0,940.0,UPI,Delivered
ORD01146,2025-06-19,CUST0017,Customer 0017,Female,38,Patna,Bihar,East,Beauty,Skincare,Face Serum,2,900.0,0.05,1710.0,840.0,870.0,UPI,Delivered
ORD00891,2025-06-20,CUST0237,Customer 0237,Female,24,Bengaluru,Karnataka,South,Sports,Fitness,Dumbbells,1,2600.0,0.1,2340.0,1450.0,890.0,UPI,Delivered
ORD00845,2025-06-20,CUST0188,Customer 0188,Female,49,Pune,Maharashtra,West,Fashion,Women,Kurti,4,1600.0,0.1,5760.0,3200.0,2560.0,Credit Card,Delivered
ORD00650,2025-06-20,CUST0146,Customer 0146,Male,47,Chennai,Tamil Nadu,South,Home & Kitchen,Appliances,Mixer Grinder,2,3200.0,0.1,0.0,4200.0,0.0,Credit Card,Cancelled
ORD01095,2025-06-20,CUST0024,Customer 0024,Female,56,Kolkata,West Bengal,East,Home & Kitchen,Furniture,Office Chair,1,8500.0,0.15,7225.0,5700.0,1525.0,Cash on Delivery,Delivered
ORD01211,2025-06-21,CUST0367,Customer 0367,Female,24,Patna,Bihar,East,Beauty,Personal Care,Hair Dryer,1,2400.0,0.1,2160.0,1350.0,810.0,Debit Card,Delivered
ORD00595,2025-06-21,CUST0185,Customer 0185,Male,33,Coimbatore,Tamil Nadu,South,Electronics,Laptops,Laptop,3,52000.0,0.05,0.0,117000.0,0.0,Cash on Delivery,Cancelled
ORD01348,2025-06-21,CUST0056,Customer 0056,Male,56,Bhubaneswar,Odisha,East,Books,Education,Python Programming Book,1,1100.0,0.05,1045.0,520.0,525.0,Cash on Delivery,Delivered
ORD00307,2025-06-21,CUST0393,Customer 0393,Female,52,Bengaluru,Karnataka,South,Home & Kitchen,Appliances,Mixer Grinder,1,3200.0,0.0,3200.0,2100.0,1100.0,UPI,Delivered
ORD00593,2025-06-21,CUST0210,Customer 0210,Female,55,Bengaluru,Karnataka,South,Home & Kitchen,Furniture,Office Chair,1,8500.0,0.1,7650.0,5700.0,1950.0,Net Banking,Delivered
ORD01322,2025-06-21,CUST0376,Customer 0376,Male,46,Ahmedabad,Gujarat,West,Fashion,Women,Kurti,1,1600.0,0.0,0.0,800.0,0.0,Net Banking,Cancelled
ORD00798,2025-06-21,CUST0352,Customer 0352,Female,30,Coimbatore,Tamil Nadu,South,Fashion,Men,Casual Shirt,1,1400.0,0.1,1260.0,700.0,560.0,Net Banking,Delivered
ORD01086,2025-06-22,CUST0358,Customer 0358,Male,29,Pune,Maharashtra,West,Electronics,Accessories,Wireless Earbuds,1,2500.0,0.15,2125.0,1450.0,675.0,Net Banking,Delivered
ORD01320,2025-06-22,CUST0463,Customer 0463,Female,28,Lucknow,Uttar Pradesh,North,Electronics,Accessories,Smart Watch,3,4500.0,0.15,11475.0,8100.0,3375.0,Net Banking,Delivered
ORD01185,2025-06-23,CUST0220,Customer 0220,Male,20,Jaipur,Rajasthan,North,Sports,Fitness,Yoga Mat,1,1200.0,0.2,960.0,550.0,410.0,Debit Card,Delivered
ORD01480,2025-06-23,CUST0406,Customer 0406,Male,26,Mumbai,Maharashtra,West,Fashion,Women,Kurti,1,1600.0,0.15,1360.0,800.0,560.0,Net Banking,Delivered
ORD00867,2025-06-24,CUST0009,Customer 0009,Male,46,Chennai,Tamil Nadu,South,Electronics,Mobiles,Smartphone,1,18000.0,0.1,16200.0,12500.0,3700.0,Net Banking,Delivered
ORD00999,2025-06-24,CUST0378,Customer 0378,Male,53,Mumbai,Maharashtra,West,Home & Kitchen,Appliances,Mixer Grinder,1,3200.0,0.05,0.0,2100.0,0.0,Credit Card,Cancelled
ORD00192,2025-06-24,CUST0120,Customer 0120,Female,45,Delhi,Delhi,North,Fashion,Footwear,Running Shoes,1,3200.0,0.05,3040.0,1750.0,1290.0,Cash on Delivery,Delivered
ORD00443,2025-06-24,CUST0330,Customer 0330,Female,59,Bhubaneswar,Odisha,East,Fashion,Men,Casual Shirt,2,1400.0,0.15,2380.0,1400.0,980.0,UPI,Delivered
ORD00406,2025-06-24,CUST0451,Customer 0451,Female,32,Chennai,Tamil Nadu,South,Fashion,Accessories,Backpack,1,1800.0,0.1,1620.0,950.0,670.0,Cash on Delivery,Delivered
ORD00670,2025-06-25,CUST0344,Customer 0344,Female,50,Jaipur,Rajasthan,North,Home & Kitchen,Appliances,Mixer Grinder,1,3200.0,0.05,3040.0,2100.0,940.0,UPI,Delivered
ORD01463,2025-06-25,CUST0023,Customer 0023,Male,26,Delhi,Delhi,North,Home & Kitchen,Furniture,Office Chair,1,8500.0,0.0,7225.0,5700.0,-980.0,Debit Card,Returned
ORD00881,2025-06-25,CUST0463,Customer 0463,Female,23,Delhi,Delhi,North,Home & Kitchen,Furniture,Office Chair,1,8500.0,0.2,6800.0,5700.0,1100.0,Credit Card,Delivered
ORD00465,2025-06-25,CUST0287,Customer 0287,Male,49,Chennai,Tamil Nadu,South,Home & Kitchen,Appliances,Air Fryer,2,6500.0,0.2,10400.0,8400.0,2000.0,Net Banking,Delivered
ORD01136,2025-06-25,CUST0167,Customer 0167,Female,37,Ahmedabad,Gujarat,West,Fashion,Accessories,Backpack,1,1800.0,0.05,1710.0,950.0,760.0,Net Banking,Delivered
ORD00749,2025-06-25,CUST0473,Customer 0473,Female,30,Hyderabad,Telangana,South,Home & Kitchen,Kitchen,Cookware Set,1,2800.0,0.05,2660.0,1650.0,1010.0,Cash on Delivery,Delivered
ORD01216,2025-06-26,CUST0088,Customer 0088,Female,31,Jaipur,Rajasthan,North,Home & Kitchen,Appliances,Mixer Grinder,1,3200.0,0.0,3200.0,2100.0,1100.0,Net Banking,Delivered
ORD00990,2025-06-26,CUST0223,Customer 0223,Male,36,Mumbai,Maharashtra,West,Beauty,Personal Care,Hair Dryer,3,2400.0,0.0,0.0,4050.0,0.0,Cash on Delivery,Cancelled
ORD00907,2025-06-26,CUST0185,Customer 0185,Male,51,Chennai,Tamil Nadu,South,Home & Kitchen,Kitchen,Cookware Set,1,2800.0,0.2,2240.0,1650.0,590.0,Credit Card,Delivered
ORD00146,2025-06-26,CUST0498,Customer 0498,Female,35,Hyderabad,Telangana,South,Electronics,Mobiles,Smartphone,1,18000.0,0.05,14535.0,12500.0,-1610.0,Net Banking,Returned
ORD01153,2025-06-26,CUST0092,Customer 0092,Female,30,Bhubaneswar,Odisha,East,Fashion,Accessories,Backpack,1,1800.0,0.05,1710.0,950.0,760.0,UPI,Delivered
ORD01141,2025-06-27,CUST0190,Customer 0190,Female,39,Ahmedabad,Gujarat,West,Electronics,Laptops,Laptop,2,52000.0,0.15,88400.0,78000.0,10400.0,Net Banking,Delivered
ORD00459,2025-06-27,CUST0318,Customer 0318,Female,55,Jaipur,Rajasthan,North,Electronics,Laptops,Laptop,1,52000.0,0.15,44200.0,39000.0,5200.0,UPI,Delivered
ORD01470,2025-06-27,CUST0206,Customer 0206,Male,53,Mumbai,Maharashtra,West,Books,Education,Python Programming Book,2,1100.0,0.0,1870.0,1040.0,-406.0,Cash on Delivery,Returned
ORD00050,2025-06-27,CUST0179,Customer 0179,Male,54,Chennai,Tamil Nadu,South,Fashion,Accessories,Backpack,1,1800.0,0.0,1800.0,950.0,850.0,Cash on Delivery,Delivered
ORD00638,2025-06-27,CUST0383,Customer 0383,Male,52,Lucknow,Uttar Pradesh,North,Fashion,Women,Kurti,1,1600.0,0.1,1440.0,800.0,640.0,Net Banking,Delivered
ORD01015,2025-06-27,CUST0080,Customer 0080,Male,50,Pune,Maharashtra,West,Electronics,Laptops,Laptop,1,52000.0,0.05,41990.0,39000.0,-3640.0,Net Banking,Returned
ORD01468,2025-06-27,CUST0048,Customer 0048,Female,22,Bengaluru,Karnataka,South,Electronics,Accessories,Smart Watch,1,4500.0,0.05,3633.75,2700.0,-551.25,Debit Card,Returned
ORD01100,2025-06-27,CUST0196,Customer 0196,Male,37,Lucknow,Uttar Pradesh,North,Electronics,Laptops,Laptop,1,52000.0,0.05,49400.0,39000.0,10400.0,UPI,Delivered
ORD00479,2025-06-28,CUST0223,Customer 0223,Male,25,Pune,Maharashtra,West,Fashion,Men,Casual Shirt,1,1400.0,0.15,0.0,700.0,0.0,Net Banking,Cancelled
ORD01234,2025-06-28,CUST0272,Customer 0272,Male,29,Hyderabad,Telangana,South,Books,Education,Data Analytics Book,2,850.0,0.1,1530.0,840.0,690.0,Net Banking,Delivered
ORD00599,2025-06-28,CUST0016,Customer 0016,Male,20,Bengaluru,Karnataka,South,Sports,Fitness,Yoga Mat,1,1200.0,0.0,0.0,550.0,0.0,UPI,Cancelled
ORD00015,2025-06-28,CUST0096,Customer 0096,Female,47,Jaipur,Rajasthan,North,Beauty,Skincare,Face Serum,1,900.0,0.1,810.0,420.0,390.0,Net Banking,Delivered
ORD00751,2025-06-29,CUST0474,Customer 0474,Female,60,Delhi,Delhi,North,Beauty,Skincare,Face Serum,1,900.0,0.0,900.0,420.0,480.0,Debit Card,Delivered
ORD00228,2025-06-29,CUST0311,Customer 0311,Female,52,Lucknow,Uttar Pradesh,North,Electronics,Accessories,Wireless Earbuds,1,2500.0,0.2,2000.0,1450.0,550.0,Debit Card,Delivered
ORD00295,2025-06-29,CUST0314,Customer 0314,Male,40,Hyderabad,Telangana,South,Electronics,Accessories,Wireless Earbuds,2,2500.0,0.1,4500.0,2900.0,1600.0,UPI,Delivered
ORD00041,2025-06-29,CUST0444,Customer 0444,Male,50,Patna,Bihar,East,Books,Education,Data Analytics Book,1,850.0,0.05,807.5,420.0,387.5,Net Banking,Delivered
ORD00786,2025-06-30,CUST0181,Customer 0181,Female,33,Bengaluru,Karnataka,South,Home & Kitchen,Appliances,Mixer Grinder,1,3200.0,0.0,3200.0,2100.0,1100.0,UPI,Delivered
ORD00487,2025-06-30,CUST0089,Customer 0089,Female,35,Pune,Maharashtra,West,Fashion,Women,Kurti,1,1600.0,0.05,1520.0,800.0,720.0,Debit Card,Delivered
ORD00059,2025-06-30,CUST0122,Customer 0122,Male,52,Pune,Maharashtra,West,Beauty,Skincare,Face Serum,1,900.0,0.0,0.0,420.0,0.0,Net Banking,Cancelled
ORD00123,2025-07-01,CUST0007,Customer 0007,Female,24,Bengaluru,Karnataka,South,Home & Kitchen,Appliances,Mixer Grinder,1,3200.0,0.05,3040.0,2100.0,940.0,UPI,Delivered
ORD00112,2025-07-01,CUST0055,Customer 0055,Male,57,Patna,Bihar,East,Electronics,Accessories,Smart Watch,2,4500.0,0.05,7267.5,5400.0,-1102.5,Net Banking,Returned
ORD01137,2025-07-01,CUST0202,Customer 0202,Male,26,Delhi,Delhi,North,Home & Kitchen,Furniture,Office Chair,2,8500.0,0.05,16150.0,11400.0,4750.0,Cash on Delivery,Delivered
ORD00473,2025-07-01,CUST0260,Customer 0260,Male,32,Lucknow,Uttar Pradesh,North,Fashion,Men,Casual Shirt,1,1400.0,0.0,0.0,700.0,0.0,Cash on Delivery,Cancelled
ORD01266,2025-07-01,CUST0070,Customer 0070,Female,29,Ahmedabad,Gujarat,West,Electronics,Accessories,Smart Watch,1,4500.0,0.1,4050.0,2700.0,1350.0,Debit Card,Delivered
ORD00972,2025-07-02,CUST0283,Customer 0283,Female,52,Patna,Bihar,East,Sports,Fitness,Yoga Mat,1,1200.0,0.05,1140.0,550.0,590.0,UPI,Delivered
ORD00862,2025-07-02,CUST0111,Customer 0111,Female,57,Coimbatore,Tamil Nadu,South,Fashion,Accessories,Backpack,2,1800.0,0.1,3240.0,1900.0,1340.0,Net Banking,Delivered
ORD01045,2025-07-02,CUST0095,Customer 0095,Male,35,Jaipur,Rajasthan,North,Home & Kitchen,Appliances,Mixer Grinder,1,3200.0,0.0,3200.0,2100.0,1100.0,Net Banking,Delivered
ORD00514,2025-07-02,CUST0158,Customer 0158,Male,38,Pune,Maharashtra,West,Sports,Fitness,Dumbbells,1,2600.0,0.05,2470.0,1450.0,1020.0,UPI,Delivered
ORD00683,2025-07-02,CUST0078,Customer 0078,Female,36,Bengaluru,Karnataka,South,Beauty,Personal Care,Hair Dryer,2,2400.0,0.15,4080.0,2700.0,1380.0,Credit Card,Delivered
ORD00142,2025-07-02,CUST0004,Customer 0004,Male,39,Hyderabad,Telangana,South,Fashion,Footwear,Running Shoes,1,3200.0,0.1,2880.0,1750.0,1130.0,UPI,Delivered
ORD00353,2025-07-02,CUST0484,Customer 0484,Female,37,Hyderabad,Telangana,South,Books,Education,Data Analytics Book,1,850.0,0.05,807.5,420.0,387.5,Credit Card,Delivered
ORD00628,2025-07-02,CUST0122,Customer 0122,Male,45,Coimbatore,Tamil Nadu,South,Fashion,Accessories,Backpack,1,1800.0,0.1,1620.0,950.0,670.0,Credit Card,Delivered
ORD00257,2025-07-03,CUST0413,Customer 0413,Female,56,Bhubaneswar,Odisha,East,Electronics,Mobiles,Smartphone,1,18000.0,0.0,0.0,12500.0,0.0,Cash on Delivery,Cancelled
ORD00883,2025-07-03,CUST0404,Customer 0404,Male,40,Ahmedabad,Gujarat,West,Fashion,Footwear,Running Shoes,1,3200.0,0.0,2720.0,1750.0,-507.5,UPI,Returned
ORD00339,2025-07-03,CUST0070,Customer 0070,Male,36,Hyderabad,Telangana,South,Books,Education,Data Analytics Book,1,850.0,0.15,722.5,420.0,302.5,Credit Card,Delivered
ORD00653,2025-07-03,CUST0422,Customer 0422,Female,18,Kolkata,West Bengal,East,Fashion,Women,Kurti,2,1600.0,0.05,3040.0,1600.0,1440.0,UPI,Delivered
ORD01048,2025-07-03,CUST0033,Customer 0033,Male,39,Bhubaneswar,Odisha,East,Home & Kitchen,Kitchen,Cookware Set,1,2800.0,0.0,2800.0,1650.0,1150.0,Credit Card,Delivered
ORD00145,2025-07-04,CUST0266,Customer 0266,Female,42,Bhubaneswar,Odisha,East,Fashion,Accessories,Backpack,1,1800.0,0.05,1710.0,950.0,760.0,Cash on Delivery,Delivered
ORD01082,2025-07-04,CUST0370,Customer 0370,Female,21,Ahmedabad,Gujarat,West,Fashion,Accessories,Backpack,1,1800.0,0.2,1440.0,950.0,490.0,UPI,Delivered
ORD01427,2025-07-04,CUST0331,Customer 0331,Male,35,Mumbai,Maharashtra,West,Fashion,Accessories,Backpack,1,1800.0,0.0,1800.0,950.0,850.0,Cash on Delivery,Delivered
ORD00830,2025-07-05,CUST0181,Customer 0181,Male,30,Pune,Maharashtra,West,Fashion,Footwear,Running Shoes,1,3200.0,0.05,3040.0,1750.0,1290.0,Credit Card,Delivered
ORD00498,2025-07-06,CUST0473,Customer 0473,Male,33,Jaipur,Rajasthan,North,Sports,Fitness,Yoga Mat,1,1200.0,0.0,1200.0,550.0,650.0,Credit Card,Delivered
ORD00553,2025-07-06,CUST0472,Customer 0472,Male,49,Hyderabad,Telangana,South,Electronics,Laptops,Laptop,1,52000.0,0.05,49400.0,39000.0,10400.0,Net Banking,Delivered
ORD01164,2025-07-06,CUST0155,Customer 0155,Male,33,Mumbai,Maharashtra,West,Beauty,Personal Care,Hair Dryer,3,2400.0,0.0,0.0,4050.0,0.0,Debit Card,Cancelled
ORD01028,2025-07-06,CUST0467,Customer 0467,Male,49,Delhi,Delhi,North,Beauty,Skincare,Face Serum,1,900.0,0.0,900.0,420.0,480.0,Net Banking,Delivered
ORD00788,2025-07-07,CUST0049,Customer 0049,Male,19,Chennai,Tamil Nadu,South,Sports,Fitness,Dumbbells,1,2600.0,0.15,1878.5,1450.0,-266.0,Cash on Delivery,Returned
ORD00574,2025-07-07,CUST0437,Customer 0437,Male,39,Lucknow,Uttar Pradesh,North,Beauty,Skincare,Face Serum,2,900.0,0.05,0.0,840.0,0.0,Debit Card,Cancelled
ORD00737,2025-07-07,CUST0365,Customer 0365,Female,37,Delhi,Delhi,North,Sports,Fitness,Yoga Mat,2,1200.0,0.1,2160.0,1100.0,1060.0,UPI,Delivered
ORD01498,2025-07-07,CUST0115,Customer 0115,Female,35,Bhubaneswar,Odisha,East,Beauty,Personal Care,Hair Dryer,1,2400.0,0.15,2040.0,1350.0,690.0,Credit Card,Delivered
ORD00767,2025-07-08,CUST0085,Customer 0085,Male,23,Kolkata,West Bengal,East,Home & Kitchen,Appliances,Air Fryer,3,6500.0,0.05,18525.0,12600.0,5925.0,UPI,Delivered
ORD00857,2025-07-08,CUST0058,Customer 0058,Male,35,Pune,Maharashtra,West,Home & Kitchen,Furniture,Office Chair,1,8500.0,0.0,8500.0,5700.0,2800.0,UPI,Delivered
ORD01371,2025-07-08,CUST0370,Customer 0370,Male,31,Coimbatore,Tamil Nadu,South,Home & Kitchen,Appliances,Mixer Grinder,1,3200.0,0.05,3040.0,2100.0,940.0,Debit Card,Delivered
ORD00018,2025-07-09,CUST0121,Customer 0121,Female,30,Jaipur,Rajasthan,North,Home & Kitchen,Furniture,Office Chair,1,8500.0,0.0,7225.0,5700.0,-980.0,UPI,Returned
ORD00603,2025-07-09,CUST0315,Customer 0315,Female,45,Delhi,Delhi,North,Books,Education,Python Programming Book,1,1100.0,0.1,990.0,520.0,470.0,Debit Card,Delivered
ORD00568,2025-07-09,CUST0212,Customer 0212,Male,22,Kolkata,West Bengal,East,Beauty,Personal Care,Hair Dryer,1,2400.0,0.15,2040.0,1350.0,690.0,UPI,Delivered
ORD00348,2025-07-10,CUST0462,Customer 0462,Female,21,Madurai,Tamil Nadu,South,Electronics,Laptops,Laptop,1,52000.0,0.05,41990.0,39000.0,-3640.0,Debit Card,Returned
ORD00859,2025-07-10,CUST0213,Customer 0213,Male,31,Ahmedabad,Gujarat,West,Fashion,Women,Kurti,1,1600.0,0.0,1600.0,800.0,800.0,UPI,Delivered
ORD01435,2025-07-10,CUST0328,Customer 0328,Male,57,Bhubaneswar,Odisha,East,Fashion,Men,Casual Shirt,1,1400.0,0.1,1260.0,700.0,560.0,Debit Card,Delivered
ORD00844,2025-07-10,CUST0078,Customer 0078,Female,45,Delhi,Delhi,North,Electronics,Accessories,Wireless Earbuds,2,2500.0,0.0,0.0,2900.0,0.0,Debit Card,Cancelled
ORD00200,2025-07-11,CUST0089,Customer 0089,Female,30,Jaipur,Rajasthan,North,Electronics,Laptops,Laptop,1,52000.0,0.2,41600.0,39000.0,2600.0,UPI,Delivered
ORD00643,2025-07-11,CUST0310,Customer 0310,Female,34,Coimbatore,Tamil Nadu,South,Home & Kitchen,Furniture,Office Chair,1,8500.0,0.0,8500.0,5700.0,2800.0,Net Banking,Delivered
ORD01206,2025-07-11,CUST0261,Customer 0261,Male,57,Pune,Maharashtra,West,Fashion,Accessories,Backpack,3,1800.0,0.0,5400.0,2850.0,2550.0,Cash on Delivery,Delivered
ORD00812,2025-07-11,CUST0329,Customer 0329,Female,29,Mumbai,Maharashtra,West,Sports,Fitness,Dumbbells,1,2600.0,0.0,0.0,1450.0,0.0,Net Banking,Cancelled
ORD01455,2025-07-12,CUST0043,Customer 0043,Male,48,Jaipur,Rajasthan,North,Books,Education,Python Programming Book,3,1100.0,0.05,3135.0,1560.0,1575.0,Net Banking,Delivered
ORD00608,2025-07-12,CUST0440,Customer 0440,Female,36,Kolkata,West Bengal,East,Fashion,Men,Casual Shirt,1,1400.0,0.2,0.0,700.0,0.0,Credit Card,Cancelled
ORD00571,2025-07-12,CUST0337,Customer 0337,Female,46,Madurai,Tamil Nadu,South,Beauty,Personal Care,Hair Dryer,1,2400.0,0.05,2280.0,1350.0,930.0,Cash on Delivery,Delivered
ORD00147,2025-07-12,CUST0305,Customer 0305,Male,41,Delhi,Delhi,North,Sports,Fitness,Dumbbells,3,2600.0,0.0,0.0,4350.0,0.0,Cash on Delivery,Cancelled
ORD01472,2025-07-12,CUST0144,Customer 0144,Male,51,Bhubaneswar,Odisha,East,Home & Kitchen,Kitchen,Cookware Set,1,2800.0,0.1,2520.0,1650.0,870.0,Cash on Delivery,Delivered
ORD00781,2025-07-12,CUST0325,Customer 0325,Male,30,Coimbatore,Tamil Nadu,South,Fashion,Footwear,Running Shoes,2,3200.0,0.05,6080.0,3500.0,2580.0,Credit Card,Delivered
ORD00125,2025-07-14,CUST0293,Customer 0293,Female,47,Jaipur,Rajasthan,North,Electronics,Laptops,Laptop,1,52000.0,0.05,49400.0,39000.0,10400.0,UPI,Delivered
ORD00629,2025-07-14,CUST0340,Customer 0340,Female,22,Pune,Maharashtra,West,Home & Kitchen,Appliances,Air Fryer,1,6500.0,0.05,5248.75,4200.0,-691.25,Debit Card,Returned
ORD00720,2025-07-14,CUST0242,Customer 0242,Male,29,Bengaluru,Karnataka,South,Sports,Fitness,Dumbbells,2,2600.0,0.0,5200.0,2900.0,2300.0,Net Banking,Delivered
ORD01316,2025-07-15,CUST0487,Customer 0487,Male,58,Kolkata,West Bengal,East,Fashion,Men,Casual Shirt,2,1400.0,0.0,2800.0,1400.0,1400.0,Net Banking,Delivered
ORD00735,2025-07-15,CUST0152,Customer 0152,Female,22,Hyderabad,Telangana,South,Fashion,Accessories,Backpack,1,1800.0,0.0,1800.0,950.0,850.0,Credit Card,Delivered
ORD00989,2025-07-15,CUST0114,Customer 0114,Male,43,Pune,Maharashtra,West,Electronics,Accessories,Wireless Earbuds,1,2500.0,0.15,1806.25,1450.0,-236.25,Credit Card,Returned
ORD01457,2025-07-15,CUST0271,Customer 0271,Male,34,Coimbatore,Tamil Nadu,South,Electronics,Accessories,Wireless Earbuds,1,2500.0,0.0,2500.0,1450.0,1050.0,Cash on Delivery,Delivered
ORD01157,2025-07-15,CUST0219,Customer 0219,Female,43,Mumbai,Maharashtra,West,Electronics,Mobiles,Smartphone,4,18000.0,0.05,0.0,50000.0,0.0,Cash on Delivery,Cancelled
ORD00053,2025-07-15,CUST0413,Customer 0413,Female,53,Madurai,Tamil Nadu,South,Fashion,Men,Casual Shirt,2,1400.0,0.05,2660.0,1400.0,1260.0,UPI,Delivered
ORD00795,2025-07-15,CUST0293,Customer 0293,Female,51,Delhi,Delhi,North,Home & Kitchen,Appliances,Air Fryer,1,6500.0,0.1,5850.0,4200.0,1650.0,Cash on Delivery,Delivered
ORD01119,2025-07-16,CUST0324,Customer 0324,Male,26,Mumbai,Maharashtra,West,Home & Kitchen,Appliances,Mixer Grinder,2,3200.0,0.0,6400.0,4200.0,2200.0,Net Banking,Delivered
ORD01134,2025-07-16,CUST0447,Customer 0447,Male,40,Patna,Bihar,East,Sports,Fitness,Yoga Mat,1,1200.0,0.1,1080.0,550.0,530.0,Cash on Delivery,Delivered
ORD01175,2025-07-16,CUST0292,Customer 0292,Female,33,Kolkata,West Bengal,East,Electronics,Mobiles,Smartphone,1,18000.0,0.15,0.0,12500.0,0.0,Cash on Delivery,Cancelled
ORD01027,2025-07-17,CUST0353,Customer 0353,Male,27,Chennai,Tamil Nadu,South,Home & Kitchen,Appliances,Mixer Grinder,1,3200.0,0.0,2720.0,2100.0,-385.0,Credit Card,Returned
ORD00270,2025-07-17,CUST0403,Customer 0403,Female,52,Patna,Bihar,East,Beauty,Skincare,Face Serum,1,900.0,0.05,855.0,420.0,435.0,Credit Card,Delivered
ORD00988,2025-07-17,CUST0146,Customer 0146,Female,18,Delhi,Delhi,North,Books,Education,Data Analytics Book,1,850.0,0.1,765.0,420.0,345.0,Net Banking,Delivered
ORD00729,2025-07-17,CUST0193,Customer 0193,Male,20,Ahmedabad,Gujarat,West,Books,Education,Python Programming Book,3,1100.0,0.15,2805.0,1560.0,1245.0,Credit Card,Delivered
ORD01395,2025-07-17,CUST0178,Customer 0178,Male,28,Coimbatore,Tamil Nadu,South,Fashion,Men,Casual Shirt,1,1400.0,0.15,0.0,700.0,0.0,Credit Card,Cancelled
ORD00019,2025-07-17,CUST0225,Customer 0225,Male,59,Madurai,Tamil Nadu,South,Home & Kitchen,Furniture,Office Chair,1,8500.0,0.05,8075.0,5700.0,2375.0,Cash on Delivery,Delivered
ORD00959,2025-07-18,CUST0430,Customer 0430,Female,28,Bhubaneswar,Odisha,East,Sports,Fitness,Yoga Mat,1,1200.0,0.0,1020.0,550.0,-227.5,Net Banking,Returned
ORD00171,2025-07-18,CUST0024,Customer 0024,Female,20,Patna,Bihar,East,Books,Education,Python Programming Book,1,1100.0,0.0,1100.0,520.0,580.0,Cash on Delivery,Delivered
ORD00221,2025-07-19,CUST0058,Customer 0058,Male,39,Ahmedabad,Gujarat,West,Home & Kitchen,Appliances,Air Fryer,1,6500.0,0.1,5850.0,4200.0,1650.0,Credit Card,Delivered
ORD00677,2025-07-19,CUST0046,Customer 0046,Female,53,Chennai,Tamil Nadu,South,Electronics,Accessories,Wireless Earbuds,2,2500.0,0.2,0.0,2900.0,0.0,Net Banking,Cancelled
ORD00575,2025-07-19,CUST0407,Customer 0407,Male,30,Madurai,Tamil Nadu,South,Home & Kitchen,Kitchen,Cookware Set,3,2800.0,0.0,8400.0,4950.0,3450.0,Cash on Delivery,Delivered
ORD01032,2025-07-19,CUST0248,Customer 0248,Male,43,Chennai,Tamil Nadu,South,Electronics,Mobiles,Smartphone,2,18000.0,0.2,0.0,25000.0,0.0,Credit Card,Cancelled
ORD00518,2025-07-19,CUST0378,Customer 0378,Male,54,Jaipur,Rajasthan,North,Books,Education,Data Analytics Book,2,850.0,0.15,1445.0,840.0,605.0,Debit Card,Delivered
ORD00646,2025-07-20,CUST0363,Customer 0363,Female,39,Delhi,Delhi,North,Home & Kitchen,Appliances,Mixer Grinder,1,3200.0,0.0,3200.0,2100.0,1100.0,Credit Card,Delivered
ORD00454,2025-07-20,CUST0318,Customer 0318,Male,49,Bengaluru,Karnataka,South,Home & Kitchen,Kitchen,Cookware Set,1,2800.0,0.15,2380.0,1650.0,730.0,Credit Card,Delivered
ORD00535,2025-07-21,CUST0447,Customer 0447,Male,59,Delhi,Delhi,North,Home & Kitchen,Appliances,Mixer Grinder,1,3200.0,0.05,3040.0,2100.0,940.0,Debit Card,Delivered
ORD00434,2025-07-21,CUST0109,Customer 0109,Male,37,Bhubaneswar,Odisha,East,Home & Kitchen,Appliances,Mixer Grinder,3,3200.0,0.1,8640.0,6300.0,2340.0,Debit Card,Delivered
ORD00113,2025-07-21,CUST0291,Customer 0291,Male,42,Delhi,Delhi,North,Fashion,Men,Casual Shirt,2,1400.0,0.0,2800.0,1400.0,1400.0,Credit Card,Delivered
ORD01475,2025-07-21,CUST0401,Customer 0401,Female,43,Hyderabad,Telangana,South,Fashion,Women,Kurti,1,1600.0,0.1,1440.0,800.0,640.0,Net Banking,Delivered
ORD00427,2025-07-22,CUST0161,Customer 0161,Male,33,Coimbatore,Tamil Nadu,South,Home & Kitchen,Kitchen,Cookware Set,1,2800.0,0.1,2520.0,1650.0,870.0,Credit Card,Delivered
ORD01481,2025-07-22,CUST0318,Customer 0318,Female,56,Hyderabad,Telangana,South,Home & Kitchen,Kitchen,Cookware Set,2,2800.0,0.0,5600.0,3300.0,2300.0,Cash on Delivery,Delivered
ORD00341,2025-07-22,CUST0179,Customer 0179,Male,31,Patna,Bihar,East,Sports,Fitness,Yoga Mat,3,1200.0,0.05,3420.0,1650.0,1770.0,Debit Card,Delivered
ORD01446,2025-07-22,CUST0385,Customer 0385,Female,20,Mumbai,Maharashtra,West,Fashion,Accessories,Backpack,1,1800.0,0.0,1800.0,950.0,850.0,Net Banking,Delivered
ORD01484,2025-07-22,CUST0456,Customer 0456,Female,37,Madurai,Tamil Nadu,South,Home & Kitchen,Appliances,Mixer Grinder,1,3200.0,0.0,3200.0,2100.0,1100.0,Credit Card,Delivered
ORD00304,2025-07-22,CUST0222,Customer 0222,Male,21,Delhi,Delhi,North,Beauty,Personal Care,Hair Dryer,1,2400.0,0.0,2040.0,1350.0,-367.5,Debit Card,Returned
ORD00940,2025-07-23,CUST0397,Customer 0397,Male,25,Jaipur,Rajasthan,North,Sports,Fitness,Dumbbells,3,2600.0,0.05,7410.0,4350.0,3060.0,Credit Card,Delivered
ORD00345,2025-07-23,CUST0057,Customer 0057,Female,52,Patna,Bihar,East,Sports,Fitness,Dumbbells,2,2600.0,0.05,4199.0,2900.0,-714.0,Debit Card,Returned
ORD00417,2025-07-23,CUST0345,Customer 0345,Male,33,Chennai,Tamil Nadu,South,Books,Education,Data Analytics Book,1,850.0,0.1,765.0,420.0,345.0,Credit Card,Delivered
ORD00955,2025-07-24,CUST0368,Customer 0368,Female,32,Coimbatore,Tamil Nadu,South,Fashion,Women,Kurti,2,1600.0,0.15,2720.0,1600.0,1120.0,UPI,Delivered
ORD01450,2025-07-24,CUST0474,Customer 0474,Female,55,Delhi,Delhi,North,Sports,Fitness,Yoga Mat,3,1200.0,0.1,3240.0,1650.0,1590.0,Credit Card,Delivered
ORD00807,2025-07-24,CUST0241,Customer 0241,Female,19,Coimbatore,Tamil Nadu,South,Sports,Fitness,Dumbbells,4,2600.0,0.05,9880.0,5800.0,4080.0,UPI,Delivered
ORD00824,2025-07-24,CUST0309,Customer 0309,Female,48,Coimbatore,Tamil Nadu,South,Home & Kitchen,Furniture,Office Chair,1,8500.0,0.0,8500.0,5700.0,2800.0,Net Banking,Delivered
ORD01061,2025-07-25,CUST0112,Customer 0112,Male,54,Delhi,Delhi,North,Beauty,Skincare,Face Serum,1,900.0,0.05,855.0,420.0,435.0,Debit Card,Delivered
ORD00231,2025-07-25,CUST0450,Customer 0450,Male,50,Coimbatore,Tamil Nadu,South,Electronics,Laptops,Laptop,4,52000.0,0.1,187200.0,156000.0,31200.0,Cash on Delivery,Delivered
ORD01263,2025-07-25,CUST0067,Customer 0067,Female,39,Patna,Bihar,East,Sports,Fitness,Dumbbells,3,2600.0,0.0,7800.0,4350.0,3450.0,Debit Card,Delivered
ORD00433,2025-07-26,CUST0242,Customer 0242,Male,18,Lucknow,Uttar Pradesh,North,Electronics,Accessories,Smart Watch,1,4500.0,0.1,3442.5,2700.0,-472.5,Net Banking,Returned
ORD01085,2025-07-26,CUST0368,Customer 0368,Male,58,Madurai,Tamil Nadu,South,Beauty,Skincare,Face Serum,1,900.0,0.05,726.75,420.0,-152.25,Debit Card,Returned
ORD01162,2025-07-26,CUST0141,Customer 0141,Male,32,Coimbatore,Tamil Nadu,South,Home & Kitchen,Furniture,Office Chair,1,8500.0,0.1,0.0,5700.0,0.0,UPI,Cancelled
ORD00918,2025-07-27,CUST0194,Customer 0194,Female,55,Pune,Maharashtra,West,Beauty,Skincare,Face Serum,1,900.0,0.05,855.0,420.0,435.0,UPI,Delivered
ORD00170,2025-07-27,CUST0145,Customer 0145,Male,25,Coimbatore,Tamil Nadu,South,Sports,Fitness,Yoga Mat,1,1200.0,0.0,1200.0,550.0,650.0,Debit Card,Delivered
ORD01113,2025-07-27,CUST0331,Customer 0331,Female,46,Mumbai,Maharashtra,West,Beauty,Skincare,Face Serum,1,900.0,0.1,810.0,420.0,390.0,Debit Card,Delivered
ORD00028,2025-07-27,CUST0408,Customer 0408,Female,28,Madurai,Tamil Nadu,South,Sports,Fitness,Dumbbells,2,2600.0,0.15,4420.0,2900.0,1520.0,UPI,Delivered
ORD01384,2025-07-27,CUST0364,Customer 0364,Male,44,Bengaluru,Karnataka,South,Books,Education,Data Analytics Book,1,850.0,0.0,850.0,420.0,430.0,Cash on Delivery,Delivered
ORD01120,2025-07-27,CUST0266,Customer 0266,Female,22,Mumbai,Maharashtra,West,Fashion,Women,Kurti,1,1600.0,0.1,1440.0,800.0,640.0,Credit Card,Delivered
ORD00474,2025-07-28,CUST0434,Customer 0434,Female,50,Mumbai,Maharashtra,West,Books,Education,Python Programming Book,2,1100.0,0.0,2200.0,1040.0,1160.0,Debit Card,Delivered
ORD00523,2025-07-28,CUST0175,Customer 0175,Male,34,Hyderabad,Telangana,South,Sports,Fitness,Yoga Mat,1,1200.0,0.15,867.0,550.0,-164.5,Credit Card,Returned
ORD00509,2025-07-29,CUST0456,Customer 0456,Female,33,Kolkata,West Bengal,East,Electronics,Mobiles,Smartphone,4,18000.0,0.1,64800.0,50000.0,14800.0,Credit Card,Delivered
ORD00736,2025-07-29,CUST0279,Customer 0279,Male,18,Jaipur,Rajasthan,North,Fashion,Accessories,Backpack,1,1800.0,0.15,1530.0,950.0,580.0,Cash on Delivery,Delivered
ORD01346,2025-07-29,CUST0165,Customer 0165,Male,24,Bengaluru,Karnataka,South,Beauty,Personal Care,Hair Dryer,1,2400.0,0.15,2040.0,1350.0,690.0,Cash on Delivery,Delivered
ORD00766,2025-07-29,CUST0069,Customer 0069,Male,19,Madurai,Tamil Nadu,South,Electronics,Laptops,Laptop,1,52000.0,0.1,46800.0,39000.0,7800.0,Credit Card,Delivered
ORD00114,2025-07-29,CUST0443,Customer 0443,Female,41,Lucknow,Uttar Pradesh,North,Home & Kitchen,Appliances,Air Fryer,1,6500.0,0.2,5200.0,4200.0,1000.0,UPI,Delivered
ORD01049,2025-07-29,CUST0173,Customer 0173,Male,51,Ahmedabad,Gujarat,West,Fashion,Accessories,Backpack,2,1800.0,0.15,3060.0,1900.0,1160.0,Debit Card,Delivered
ORD01284,2025-07-30,CUST0060,Customer 0060,Male,19,Chennai,Tamil Nadu,South,Fashion,Women,Kurti,1,1600.0,0.1,1440.0,800.0,640.0,Net Banking,Delivered
ORD00925,2025-07-30,CUST0214,Customer 0214,Female,25,Madurai,Tamil Nadu,South,Home & Kitchen,Appliances,Mixer Grinder,2,3200.0,0.0,6400.0,4200.0,2200.0,Net Banking,Delivered
ORD00470,2025-07-30,CUST0183,Customer 0183,Female,22,Bengaluru,Karnataka,South,Sports,Fitness,Dumbbells,2,2600.0,0.05,4940.0,2900.0,2040.0,Debit Card,Delivered
ORD00790,2025-07-30,CUST0140,Customer 0140,Male,24,Madurai,Tamil Nadu,South,Fashion,Men,Casual Shirt,2,1400.0,0.15,2380.0,1400.0,980.0,Cash on Delivery,Delivered
ORD00748,2025-07-30,CUST0483,Customer 0483,Male,21,Delhi,Delhi,North,Beauty,Skincare,Face Serum,1,900.0,0.15,765.0,420.0,345.0,UPI,Delivered
ORD01180,2025-07-31,CUST0329,Customer 0329,Female,48,Hyderabad,Telangana,South,Fashion,Men,Casual Shirt,1,1400.0,0.0,1400.0,700.0,700.0,UPI,Delivered
ORD00655,2025-07-31,CUST0098,Customer 0098,Male,48,Mumbai,Maharashtra,West,Fashion,Footwear,Running Shoes,2,3200.0,0.1,5760.0,3500.0,2260.0,Credit Card,Delivered
ORD00680,2025-07-31,CUST0410,Customer 0410,Male,19,Jaipur,Rajasthan,North,Beauty,Skincare,Face Serum,1,900.0,0.2,720.0,420.0,300.0,Cash on Delivery,Delivered
ORD00916,2025-08-01,CUST0383,Customer 0383,Female,39,Madurai,Tamil Nadu,South,Electronics,Laptops,Laptop,2,52000.0,0.15,88400.0,78000.0,10400.0,Cash on Delivery,Delivered
ORD00009,2025-08-01,CUST0280,Customer 0280,Female,42,Delhi,Delhi,North,Home & Kitchen,Kitchen,Cookware Set,1,2800.0,0.05,2660.0,1650.0,1010.0,Cash on Delivery,Delivered
ORD00978,2025-08-01,CUST0239,Customer 0239,Male,56,Lucknow,Uttar Pradesh,North,Sports,Fitness,Yoga Mat,1,1200.0,0.2,960.0,550.0,410.0,Credit Card,Delivered
ORD01288,2025-08-01,CUST0185,Customer 0185,Male,39,Jaipur,Rajasthan,North,Books,Education,Python Programming Book,3,1100.0,0.2,0.0,1560.0,0.0,UPI,Cancelled
ORD01415,2025-08-01,CUST0280,Customer 0280,Female,25,Delhi,Delhi,North,Books,Education,Data Analytics Book,1,850.0,0.05,807.5,420.0,387.5,Cash on Delivery,Delivered
ORD00241,2025-08-01,CUST0465,Customer 0465,Male,28,Jaipur,Rajasthan,North,Books,Education,Python Programming Book,1,1100.0,0.0,1100.0,520.0,580.0,Net Banking,Delivered
ORD01151,2025-08-02,CUST0286,Customer 0286,Male,32,Patna,Bihar,East,Home & Kitchen,Furniture,Office Chair,1,8500.0,0.05,0.0,5700.0,0.0,Credit Card,Cancelled
ORD00507,2025-08-02,CUST0269,Customer 0269,Female,49,Bengaluru,Karnataka,South,Electronics,Accessories,Smart Watch,1,4500.0,0.05,4275.0,2700.0,1575.0,UPI,Delivered
ORD00842,2025-08-02,CUST0371,Customer 0371,Male,45,Bengaluru,Karnataka,South,Electronics,Accessories,Smart Watch,3,4500.0,0.1,12150.0,8100.0,4050.0,Credit Card,Delivered
ORD00138,2025-08-03,CUST0466,Customer 0466,Male,29,Ahmedabad,Gujarat,West,Books,Education,Data Analytics Book,2,850.0,0.1,1530.0,840.0,690.0,Debit Card,Delivered
ORD00456,2025-08-03,CUST0292,Customer 0292,Female,54,Kolkata,West Bengal,East,Home & Kitchen,Appliances,Air Fryer,1,6500.0,0.05,6175.0,4200.0,1975.0,Net Banking,Delivered
ORD01315,2025-08-03,CUST0394,Customer 0394,Female,60,Mumbai,Maharashtra,West,Beauty,Skincare,Face Serum,1,900.0,0.05,726.75,420.0,-152.25,Net Banking,Returned
ORD01088,2025-08-03,CUST0139,Customer 0139,Male,32,Bhubaneswar,Odisha,East,Sports,Fitness,Dumbbells,1,2600.0,0.15,1878.5,1450.0,-266.0,UPI,Returned
ORD00151,2025-08-03,CUST0241,Customer 0241,Male,59,Hyderabad,Telangana,South,Sports,Fitness,Yoga Mat,2,1200.0,0.2,1920.0,1100.0,820.0,Debit Card,Delivered
ORD00408,2025-08-04,CUST0481,Customer 0481,Male,57,Bhubaneswar,Odisha,East,Electronics,Accessories,Smart Watch,2,4500.0,0.15,7650.0,5400.0,2250.0,Debit Card,Delivered
ORD00086,2025-08-04,CUST0312,Customer 0312,Male,24,Kolkata,West Bengal,East,Beauty,Personal Care,Hair Dryer,2,2400.0,0.0,4800.0,2700.0,2100.0,Debit Card,Delivered
ORD00752,2025-08-04,CUST0297,Customer 0297,Male,29,Madurai,Tamil Nadu,South,Fashion,Accessories,Backpack,2,1800.0,0.15,3060.0,1900.0,1160.0,Net Banking,Delivered
ORD00719,2025-08-04,CUST0367,Customer 0367,Male,32,Lucknow,Uttar Pradesh,North,Electronics,Laptops,Laptop,1,52000.0,0.05,49400.0,39000.0,10400.0,Debit Card,Delivered
ORD00195,2025-08-04,CUST0306,Customer 0306,Male,56,Hyderabad,Telangana,South,Books,Education,Python Programming Book,2,1100.0,0.0,2200.0,1040.0,1160.0,Debit Card,Delivered
ORD00820,2025-08-04,CUST0165,Customer 0165,Male,45,Madurai,Tamil Nadu,South,Books,Education,Data Analytics Book,3,850.0,0.05,2059.12,1260.0,-406.88,Cash on Delivery,Returned
ORD01212,2025-08-04,CUST0336,Customer 0336,Male,49,Pune,Maharashtra,West,Home & Kitchen,Appliances,Air Fryer,1,6500.0,0.15,5525.0,4200.0,1325.0,Net Banking,Delivered
ORD01213,2025-08-04,CUST0184,Customer 0184,Male,55,Bhubaneswar,Odisha,East,Home & Kitchen,Appliances,Air Fryer,1,6500.0,0.05,6175.0,4200.0,1975.0,Credit Card,Delivered
ORD00106,2025-08-04,CUST0157,Customer 0157,Male,21,Bengaluru,Karnataka,South,Beauty,Skincare,Face Serum,1,900.0,0.1,810.0,420.0,390.0,Cash on Delivery,Delivered
ORD00275,2025-08-05,CUST0228,Customer 0228,Female,60,Mumbai,Maharashtra,West,Fashion,Women,Kurti,2,1600.0,0.0,3200.0,1600.0,1600.0,Cash on Delivery,Delivered
ORD01411,2025-08-05,CUST0158,Customer 0158,Female,40,Bengaluru,Karnataka,South,Beauty,Skincare,Face Serum,2,900.0,0.0,1800.0,840.0,960.0,Debit Card,Delivered
ORD01224,2025-08-05,CUST0147,Customer 0147,Female,42,Ahmedabad,Gujarat,West,Books,Education,Data Analytics Book,4,850.0,0.1,3060.0,1680.0,1380.0,Debit Card,Delivered
ORD00998,2025-08-06,CUST0459,Customer 0459,Female,18,Ahmedabad,Gujarat,West,Sports,Fitness,Yoga Mat,2,1200.0,0.05,2280.0,1100.0,1180.0,Net Banking,Delivered
ORD01259,2025-08-06,CUST0432,Customer 0432,Male,18,Madurai,Tamil Nadu,South,Home & Kitchen,Appliances,Mixer Grinder,1,3200.0,0.2,2560.0,2100.0,460.0,UPI,Delivered
ORD00014,2025-08-06,CUST0393,Customer 0393,Male,32,Chennai,Tamil Nadu,South,Home & Kitchen,Appliances,Mixer Grinder,1,3200.0,0.05,3040.0,2100.0,940.0,Credit Card,Delivered
ORD01363,2025-08-06,CUST0240,Customer 0240,Male,31,Pune,Maharashtra,West,Sports,Fitness,Yoga Mat,1,1200.0,0.1,0.0,550.0,0.0,UPI,Cancelled
ORD00768,2025-08-06,CUST0255,Customer 0255,Female,43,Madurai,Tamil Nadu,South,Fashion,Women,Kurti,2,1600.0,0.1,2448.0,1600.0,-448.0,Net Banking,Returned
ORD00833,2025-08-06,CUST0080,Customer 0080,Male,33,Lucknow,Uttar Pradesh,North,Sports,Fitness,Dumbbells,1,2600.0,0.05,2470.0,1450.0,1020.0,Debit Card,Delivered
ORD00658,2025-08-07,CUST0061,Customer 0061,Female,57,Madurai,Tamil Nadu,South,Electronics,Mobiles,Smartphone,2,18000.0,0.0,36000.0,25000.0,11000.0,Credit Card,Delivered
ORD01239,2025-08-07,CUST0062,Customer 0062,Male,24,Bengaluru,Karnataka,South,Fashion,Women,Kurti,1,1600.0,0.1,1224.0,800.0,-224.0,Credit Card,Returned
ORD01280,2025-08-07,CUST0263,Customer 0263,Female,31,Hyderabad,Telangana,South,Books,Education,Python Programming Book,1,1100.0,0.2,880.0,520.0,360.0,UPI,Delivered
ORD00130,2025-08-07,CUST0309,Customer 0309,Male,27,Jaipur,Rajasthan,North,Home & Kitchen,Appliances,Air Fryer,1,6500.0,0.1,5850.0,4200.0,1650.0,Net Banking,Delivered
ORD01058,2025-08-08,CUST0299,Customer 0299,Male,50,Bhubaneswar,Odisha,East,Fashion,Women,Kurti,2,1600.0,0.05,3040.0,1600.0,1440.0,UPI,Delivered
ORD00249,2025-08-08,CUST0329,Customer 0329,Female,32,Mumbai,Maharashtra,West,Sports,Fitness,Yoga Mat,2,1200.0,0.15,2040.0,1100.0,940.0,Credit Card,Delivered
ORD00741,2025-08-08,CUST0412,Customer 0412,Female,19,Hyderabad,Telangana,South,Beauty,Personal Care,Hair Dryer,2,2400.0,0.15,4080.0,2700.0,1380.0,Debit Card,Delivered
ORD01308,2025-08-08,CUST0389,Customer 0389,Male,39,Madurai,Tamil Nadu,South,Electronics,Accessories,Smart Watch,1,4500.0,0.05,0.0,2700.0,0.0,Credit Card,Cancelled
ORD00775,2025-08-08,CUST0135,Customer 0135,Female,53,Jaipur,Rajasthan,North,Books,Education,Data Analytics Book,2,850.0,0.1,1530.0,840.0,690.0,UPI,Delivered
ORD01351,2025-08-08,CUST0140,Customer 0140,Male,32,Delhi,Delhi,North,Books,Education,Python Programming Book,1,1100.0,0.2,880.0,520.0,360.0,Net Banking,Delivered
ORD00530,2025-08-08,CUST0284,Customer 0284,Female,19,Ahmedabad,Gujarat,West,Sports,Fitness,Dumbbells,2,2600.0,0.0,5200.0,2900.0,2300.0,Debit Card,Delivered
ORD01378,2025-08-08,CUST0468,Customer 0468,Male,22,Madurai,Tamil Nadu,South,Home & Kitchen,Furniture,Office Chair,1,8500.0,0.15,7225.0,5700.0,1525.0,Net Banking,Delivered
ORD00632,2025-08-08,CUST0191,Customer 0191,Male,30,Ahmedabad,Gujarat,West,Books,Education,Python Programming Book,1,1100.0,0.05,1045.0,520.0,525.0,Debit Card,Delivered
ORD01037,2025-08-09,CUST0196,Customer 0196,Female,37,Delhi,Delhi,North,Fashion,Women,Kurti,1,1600.0,0.15,1156.0,800.0,-196.0,Debit Card,Returned
ORD01176,2025-08-09,CUST0363,Customer 0363,Female,38,Patna,Bihar,East,Fashion,Accessories,Backpack,1,1800.0,0.2,1440.0,950.0,490.0,Credit Card,Delivered
ORD01281,2025-08-09,CUST0070,Customer 0070,Female,60,Lucknow,Uttar Pradesh,North,Home & Kitchen,Appliances,Mixer Grinder,1,3200.0,0.2,2560.0,2100.0,460.0,Cash on Delivery,Delivered
ORD00861,2025-08-09,CUST0258,Customer 0258,Male,50,Lucknow,Uttar Pradesh,North,Home & Kitchen,Kitchen,Cookware Set,3,2800.0,0.1,0.0,4950.0,0.0,Credit Card,Cancelled
ORD00996,2025-08-10,CUST0065,Customer 0065,Female,21,Hyderabad,Telangana,South,Home & Kitchen,Appliances,Air Fryer,1,6500.0,0.15,5525.0,4200.0,1325.0,Net Banking,Delivered
ORD00119,2025-08-10,CUST0264,Customer 0264,Male,56,Chennai,Tamil Nadu,South,Books,Education,Python Programming Book,1,1100.0,0.0,1100.0,520.0,580.0,Debit Card,Delivered
ORD00460,2025-08-10,CUST0405,Customer 0405,Female,30,Madurai,Tamil Nadu,South,Home & Kitchen,Appliances,Air Fryer,1,6500.0,0.1,5850.0,4200.0,1650.0,Debit Card,Delivered
ORD00764,2025-08-11,CUST0459,Customer 0459,Male,35,Hyderabad,Telangana,South,Home & Kitchen,Furniture,Office Chair,1,8500.0,0.0,8500.0,5700.0,2800.0,Debit Card,Delivered
ORD01336,2025-08-11,CUST0320,Customer 0320,Female,31,Kolkata,West Bengal,East,Fashion,Accessories,Backpack,2,1800.0,0.05,3420.0,1900.0,1520.0,Net Banking,Delivered
ORD00983,2025-08-11,CUST0078,Customer 0078,Male,60,Madurai,Tamil Nadu,South,Electronics,Mobiles,Smartphone,1,18000.0,0.15,0.0,12500.0,0.0,Cash on Delivery,Cancelled
ORD01188,2025-08-12,CUST0497,Customer 0497,Female,54,Jaipur,Rajasthan,North,Beauty,Skincare,Face Serum,1,900.0,0.05,855.0,420.0,435.0,UPI,Delivered
ORD01241,2025-08-12,CUST0194,Customer 0194,Female,26,Jaipur,Rajasthan,North,Electronics,Mobiles,Smartphone,1,18000.0,0.05,17100.0,12500.0,4600.0,Debit Card,Delivered
ORD01328,2025-08-12,CUST0408,Customer 0408,Male,52,Jaipur,Rajasthan,North,Books,Education,Python Programming Book,1,1100.0,0.05,1045.0,520.0,525.0,Debit Card,Delivered
ORD00117,2025-08-12,CUST0440,Customer 0440,Male,49,Pune,Maharashtra,West,Electronics,Mobiles,Smartphone,1,18000.0,0.1,16200.0,12500.0,3700.0,Net Banking,Delivered
ORD00259,2025-08-12,CUST0010,Customer 0010,Male,56,Bengaluru,Karnataka,South,Home & Kitchen,Kitchen,Cookware Set,2,2800.0,0.1,5040.0,3300.0,1740.0,Debit Card,Delivered
ORD00204,2025-08-12,CUST0267,Customer 0267,Male,25,Chennai,Tamil Nadu,South,Books,Education,Data Analytics Book,1,850.0,0.0,850.0,420.0,430.0,Credit Card,Delivered
ORD00762,2025-08-12,CUST0064,Customer 0064,Male,56,Coimbatore,Tamil Nadu,South,Sports,Fitness,Yoga Mat,2,1200.0,0.0,2400.0,1100.0,1300.0,Cash on Delivery,Delivered
ORD00370,2025-08-12,CUST0007,Customer 0007,Female,29,Mumbai,Maharashtra,West,Home & Kitchen,Furniture,Office Chair,1,8500.0,0.15,7225.0,5700.0,1525.0,Debit Card,Delivered
ORD00538,2025-08-13,CUST0279,Customer 0279,Female,36,Kolkata,West Bengal,East,Beauty,Personal Care,Hair Dryer,1,2400.0,0.05,2280.0,1350.0,930.0,Net Banking,Delivered
ORD01227,2025-08-13,CUST0313,Customer 0313,Male,39,Ahmedabad,Gujarat,West,Home & Kitchen,Kitchen,Cookware Set,1,2800.0,0.05,2660.0,1650.0,1010.0,Net Banking,Delivered
ORD00893,2025-08-13,CUST0012,Customer 0012,Male,21,Bhubaneswar,Odisha,East,Home & Kitchen,Furniture,Office Chair,4,8500.0,0.15,28900.0,22800.0,6100.0,Cash on Delivery,Delivered
ORD00811,2025-08-14,CUST0131,Customer 0131,Male,59,Coimbatore,Tamil Nadu,South,Beauty,Skincare,Face Serum,2,900.0,0.05,1453.5,840.0,-304.5,Debit Card,Returned
ORD00166,2025-08-14,CUST0489,Customer 0489,Male,32,Pune,Maharashtra,West,Electronics,Laptops,Laptop,4,52000.0,0.05,197600.0,156000.0,41600.0,Net Banking,Delivered
ORD00149,2025-08-14,CUST0072,Customer 0072,Female,46,Patna,Bihar,East,Beauty,Skincare,Face Serum,1,900.0,0.2,720.0,420.0,300.0,Net Banking,Delivered
ORD00619,2025-08-14,CUST0016,Customer 0016,Female,26,Delhi,Delhi,North,Sports,Fitness,Dumbbells,1,2600.0,0.15,2210.0,1450.0,760.0,UPI,Delivered
ORD00362,2025-08-15,CUST0013,Customer 0013,Female,54,Coimbatore,Tamil Nadu,South,Beauty,Personal Care,Hair Dryer,1,2400.0,0.0,2400.0,1350.0,1050.0,Net Banking,Delivered
ORD00285,2025-08-15,CUST0379,Customer 0379,Female,60,Chennai,Tamil Nadu,South,Fashion,Women,Kurti,1,1600.0,0.1,1440.0,800.0,640.0,Debit Card,Delivered
ORD01449,2025-08-15,CUST0429,Customer 0429,Male,26,Bengaluru,Karnataka,South,Home & Kitchen,Kitchen,Cookware Set,1,2800.0,0.2,1904.0,1650.0,-206.5,Cash on Delivery,Returned
ORD00547,2025-08-16,CUST0106,Customer 0106,Male,54,Madurai,Tamil Nadu,South,Sports,Fitness,Yoga Mat,2,1200.0,0.1,2160.0,1100.0,1060.0,Debit Card,Delivered
ORD00951,2025-08-16,CUST0350,Customer 0350,Male,29,Kolkata,West Bengal,East,Books,Education,Data Analytics Book,2,850.0,0.15,1228.25,840.0,-211.75,Net Banking,Returned
ORD00069,2025-08-16,CUST0201,Customer 0201,Male,37,Hyderabad,Telangana,South,Fashion,Men,Casual Shirt,4,1400.0,0.1,5040.0,2800.0,2240.0,Net Banking,Delivered
ORD00186,2025-08-16,CUST0295,Customer 0295,Female,29,Bengaluru,Karnataka,South,Electronics,Laptops,Laptop,2,52000.0,0.2,70720.0,78000.0,-1820.0,Debit Card,Returned
ORD01382,2025-08-16,CUST0225,Customer 0225,Female,59,Mumbai,Maharashtra,West,Home & Kitchen,Furniture,Office Chair,1,8500.0,0.1,0.0,5700.0,0.0,UPI,Cancelled
ORD01430,2025-08-16,CUST0038,Customer 0038,Male,60,Pune,Maharashtra,West,Home & Kitchen,Appliances,Air Fryer,2,6500.0,0.0,11050.0,8400.0,-1610.0,Credit Card,Returned
ORD00368,2025-08-16,CUST0340,Customer 0340,Male,45,Kolkata,West Bengal,East,Fashion,Footwear,Running Shoes,1,3200.0,0.05,3040.0,1750.0,1290.0,UPI,Delivered
ORD00136,2025-08-17,CUST0354,Customer 0354,Female,36,Madurai,Tamil Nadu,South,Books,Education,Python Programming Book,1,1100.0,0.2,748.0,520.0,-126.0,Net Banking,Returned
ORD00239,2025-08-17,CUST0386,Customer 0386,Female,44,Kolkata,West Bengal,East,Beauty,Personal Care,Hair Dryer,1,2400.0,0.2,0.0,1350.0,0.0,Net Banking,Cancelled
ORD01078,2025-08-17,CUST0206,Customer 0206,Male,52,Chennai,Tamil Nadu,South,Electronics,Accessories,Wireless Earbuds,2,2500.0,0.15,3612.5,2900.0,-472.5,Credit Card,Returned
ORD00491,2025-08-17,CUST0346,Customer 0346,Female,48,Bhubaneswar,Odisha,East,Books,Education,Data Analytics Book,1,850.0,0.1,765.0,420.0,345.0,Cash on Delivery,Delivered
ORD01445,2025-08-18,CUST0146,Customer 0146,Male,54,Bengaluru,Karnataka,South,Sports,Fitness,Dumbbells,1,2600.0,0.05,2470.0,1450.0,1020.0,Cash on Delivery,Delivered
ORD00725,2025-08-19,CUST0265,Customer 0265,Male,22,Kolkata,West Bengal,East,Books,Education,Data Analytics Book,1,850.0,0.15,722.5,420.0,302.5,Credit Card,Delivered
ORD00189,2025-08-19,CUST0028,Customer 0028,Female,52,Bengaluru,Karnataka,South,Electronics,Laptops,Laptop,1,52000.0,0.05,49400.0,39000.0,10400.0,Net Banking,Delivered
ORD00724,2025-08-19,CUST0475,Customer 0475,Female,38,Jaipur,Rajasthan,North,Fashion,Men,Casual Shirt,2,1400.0,0.05,2261.0,1400.0,-441.0,UPI,Returned
ORD00104,2025-08-19,CUST0097,Customer 0097,Male,54,Bhubaneswar,Odisha,East,Electronics,Mobiles,Smartphone,1,18000.0,0.2,14400.0,12500.0,1900.0,Debit Card,Delivered
ORD01156,2025-08-19,CUST0053,Customer 0053,Female,40,Bhubaneswar,Odisha,East,Beauty,Personal Care,Hair Dryer,2,2400.0,0.15,4080.0,2700.0,1380.0,Cash on Delivery,Delivered
ORD00238,2025-08-19,CUST0062,Customer 0062,Female,52,Bengaluru,Karnataka,South,Home & Kitchen,Appliances,Air Fryer,2,6500.0,0.15,0.0,8400.0,0.0,Debit Card,Cancelled
ORD00226,2025-08-19,CUST0038,Customer 0038,Female,51,Bengaluru,Karnataka,South,Home & Kitchen,Appliances,Air Fryer,2,6500.0,0.1,11700.0,8400.0,3300.0,Net Banking,Delivered
ORD01081,2025-08-20,CUST0223,Customer 0223,Female,59,Pune,Maharashtra,West,Beauty,Skincare,Face Serum,1,900.0,0.0,900.0,420.0,480.0,Net Banking,Delivered
ORD00219,2025-08-20,CUST0136,Customer 0136,Male,23,Patna,Bihar,East,Electronics,Accessories,Smart Watch,1,4500.0,0.1,4050.0,2700.0,1350.0,UPI,Delivered
ORD00503,2025-08-20,CUST0171,Customer 0171,Male,34,Chennai,Tamil Nadu,South,Fashion,Footwear,Running Shoes,1,3200.0,0.0,0.0,1750.0,0.0,UPI,Cancelled
ORD01436,2025-08-20,CUST0462,Customer 0462,Female,36,Pune,Maharashtra,West,Sports,Fitness,Yoga Mat,1,1200.0,0.15,1020.0,550.0,470.0,Debit Card,Delivered
ORD00730,2025-08-21,CUST0486,Customer 0486,Male,37,Hyderabad,Telangana,South,Electronics,Accessories,Wireless Earbuds,1,2500.0,0.1,2250.0,1450.0,800.0,Cash on Delivery,Delivered
ORD01217,2025-08-21,CUST0232,Customer 0232,Female,28,Madurai,Tamil Nadu,South,Beauty,Personal Care,Hair Dryer,1,2400.0,0.0,2400.0,1350.0,1050.0,Net Banking,Delivered
ORD00057,2025-08-21,CUST0206,Customer 0206,Male,36,Bengaluru,Karnataka,South,Fashion,Accessories,Backpack,2,1800.0,0.05,3420.0,1900.0,1520.0,Credit Card,Delivered
ORD00869,2025-08-21,CUST0177,Customer 0177,Male,42,Delhi,Delhi,North,Books,Education,Data Analytics Book,1,850.0,0.05,807.5,420.0,387.5,Debit Card,Delivered
ORD00161,2025-08-21,CUST0448,Customer 0448,Female,52,Patna,Bihar,East,Books,Education,Data Analytics Book,1,850.0,0.05,807.5,420.0,387.5,Debit Card,Delivered
ORD00993,2025-08-22,CUST0043,Customer 0043,Female,50,Bhubaneswar,Odisha,East,Fashion,Men,Casual Shirt,1,1400.0,0.2,1120.0,700.0,420.0,Net Banking,Delivered
ORD01410,2025-08-22,CUST0058,Customer 0058,Male,34,Kolkata,West Bengal,East,Books,Education,Data Analytics Book,1,850.0,0.15,722.5,420.0,302.5,Credit Card,Delivered
ORD00863,2025-08-23,CUST0273,Customer 0273,Female,25,Madurai,Tamil Nadu,South,Electronics,Mobiles,Smartphone,1,18000.0,0.05,17100.0,12500.0,4600.0,UPI,Delivered
ORD00840,2025-08-23,CUST0100,Customer 0100,Female,40,Patna,Bihar,East,Electronics,Accessories,Wireless Earbuds,4,2500.0,0.15,0.0,5800.0,0.0,Debit Card,Cancelled
ORD00997,2025-08-23,CUST0187,Customer 0187,Female,34,Delhi,Delhi,North,Electronics,Mobiles,Smartphone,1,18000.0,0.2,14400.0,12500.0,1900.0,Cash on Delivery,Delivered
ORD01093,2025-08-24,CUST0311,Customer 0311,Male,46,Mumbai,Maharashtra,West,Fashion,Men,Casual Shirt,3,1400.0,0.2,3360.0,2100.0,1260.0,Credit Card,Delivered
ORD01255,2025-08-24,CUST0173,Customer 0173,Female,28,Coimbatore,Tamil Nadu,South,Electronics,Laptops,Laptop,1,52000.0,0.15,44200.0,39000.0,5200.0,Net Banking,Delivered
ORD01171,2025-08-24,CUST0099,Customer 0099,Female,32,Pune,Maharashtra,West,Home & Kitchen,Appliances,Mixer Grinder,1,3200.0,0.2,2560.0,2100.0,460.0,Net Banking,Delivered
ORD00708,2025-08-25,CUST0151,Customer 0151,Male,33,Hyderabad,Telangana,South,Sports,Fitness,Dumbbells,1,2600.0,0.2,2080.0,1450.0,630.0,Net Banking,Delivered
ORD00458,2025-08-25,CUST0138,Customer 0138,Female,28,Delhi,Delhi,North,Home & Kitchen,Kitchen,Cookware Set,1,2800.0,0.05,2660.0,1650.0,1010.0,UPI,Delivered
ORD00364,2025-08-25,CUST0292,Customer 0292,Female,20,Bhubaneswar,Odisha,East,Beauty,Skincare,Face Serum,1,900.0,0.0,0.0,420.0,0.0,Cash on Delivery,Cancelled
ORD00157,2025-08-25,CUST0353,Customer 0353,Male,58,Ahmedabad,Gujarat,West,Beauty,Skincare,Face Serum,2,900.0,0.1,1620.0,840.0,780.0,Net Banking,Delivered
ORD00016,2025-08-25,CUST0160,Customer 0160,Male,39,Pune,Maharashtra,West,Home & Kitchen,Furniture,Office Chair,1,8500.0,0.0,8500.0,5700.0,2800.0,Cash on Delivery,Delivered
ORD00543,2025-08-27,CUST0388,Customer 0388,Male,19,Kolkata,West Bengal,East,Fashion,Footwear,Running Shoes,1,3200.0,0.1,2880.0,1750.0,1130.0,Credit Card,Delivered
ORD00342,2025-08-27,CUST0329,Customer 0329,Female,34,Coimbatore,Tamil Nadu,South,Sports,Fitness,Yoga Mat,1,1200.0,0.2,0.0,550.0,0.0,UPI,Cancelled
ORD01268,2025-08-28,CUST0214,Customer 0214,Female,38,Lucknow,Uttar Pradesh,North,Fashion,Accessories,Backpack,1,1800.0,0.15,0.0,950.0,0.0,Credit Card,Cancelled
ORD00876,2025-08-28,CUST0156,Customer 0156,Male,42,Bhubaneswar,Odisha,East,Home & Kitchen,Appliances,Mixer Grinder,1,3200.0,0.0,3200.0,2100.0,1100.0,Debit Card,Delivered
ORD00707,2025-08-28,CUST0011,Customer 0011,Female,43,Madurai,Tamil Nadu,South,Sports,Fitness,Yoga Mat,1,1200.0,0.05,1140.0,550.0,590.0,Net Banking,Delivered
ORD01496,2025-08-29,CUST0313,Customer 0313,Male,41,Chennai,Tamil Nadu,South,Fashion,Men,Casual Shirt,1,1400.0,0.0,0.0,700.0,0.0,UPI,Cancelled
ORD00525,2025-08-29,CUST0006,Customer 0006,Male,39,Mumbai,Maharashtra,West,Beauty,Skincare,Face Serum,1,900.0,0.0,900.0,420.0,480.0,Credit Card,Delivered
ORD01023,2025-08-29,CUST0176,Customer 0176,Male,40,Jaipur,Rajasthan,North,Electronics,Accessories,Smart Watch,1,4500.0,0.1,3442.5,2700.0,-472.5,Net Banking,Returned
ORD00401,2025-08-29,CUST0202,Customer 0202,Female,51,Mumbai,Maharashtra,West,Home & Kitchen,Kitchen,Cookware Set,1,2800.0,0.05,2660.0,1650.0,1010.0,UPI,Delivered
ORD00215,2025-08-30,CUST0226,Customer 0226,Male,38,Madurai,Tamil Nadu,South,Electronics,Accessories,Smart Watch,1,4500.0,0.0,4500.0,2700.0,1800.0,UPI,Delivered
ORD00394,2025-08-30,CUST0368,Customer 0368,Male,56,Bengaluru,Karnataka,South,Sports,Fitness,Yoga Mat,1,1200.0,0.1,1080.0,550.0,530.0,Cash on Delivery,Delivered
ORD01034,2025-08-30,CUST0242,Customer 0242,Female,26,Madurai,Tamil Nadu,South,Sports,Fitness,Dumbbells,1,2600.0,0.1,2340.0,1450.0,890.0,Net Banking,Delivered
ORD00092,2025-08-31,CUST0006,Customer 0006,Female,37,Pune,Maharashtra,West,Electronics,Accessories,Wireless Earbuds,1,2500.0,0.1,0.0,1450.0,0.0,Cash on Delivery,Cancelled
ORD00967,2025-08-31,CUST0489,Customer 0489,Male,28,Ahmedabad,Gujarat,West,Electronics,Accessories,Smart Watch,1,4500.0,0.05,4275.0,2700.0,1575.0,Cash on Delivery,Delivered
ORD00184,2025-08-31,CUST0207,Customer 0207,Male,24,Madurai,Tamil Nadu,South,Fashion,Women,Kurti,2,1600.0,0.0,0.0,1600.0,0.0,Cash on Delivery,Cancelled
ORD01135,2025-09-01,CUST0424,Customer 0424,Male,25,Kolkata,West Bengal,East,Books,Education,Python Programming Book,1,1100.0,0.2,880.0,520.0,360.0,Net Banking,Delivered
ORD00587,2025-09-01,CUST0377,Customer 0377,Female,45,Bengaluru,Karnataka,South,Books,Education,Python Programming Book,1,1100.0,0.1,841.5,520.0,-164.5,Cash on Delivery,Returned
ORD00992,2025-09-01,CUST0110,Customer 0110,Male,28,Hyderabad,Telangana,South,Books,Education,Data Analytics Book,1,850.0,0.1,0.0,420.0,0.0,Cash on Delivery,Cancelled
ORD00229,2025-09-01,CUST0166,Customer 0166,Female,52,Mumbai,Maharashtra,West,Home & Kitchen,Appliances,Mixer Grinder,1,3200.0,0.2,2560.0,2100.0,460.0,Credit Card,Delivered
ORD00194,2025-09-02,CUST0206,Customer 0206,Female,59,Mumbai,Maharashtra,West,Home & Kitchen,Appliances,Mixer Grinder,1,3200.0,0.0,3200.0,2100.0,1100.0,Cash on Delivery,Delivered
ORD01168,2025-09-02,CUST0162,Customer 0162,Female,41,Bhubaneswar,Odisha,East,Home & Kitchen,Kitchen,Cookware Set,3,2800.0,0.0,8400.0,4950.0,3450.0,Net Banking,Delivered
ORD00426,2025-09-02,CUST0063,Customer 0063,Male,22,Ahmedabad,Gujarat,West,Home & Kitchen,Furniture,Office Chair,2,8500.0,0.1,0.0,11400.0,0.0,Debit Card,Cancelled
ORD01447,2025-09-03,CUST0372,Customer 0372,Male,40,Pune,Maharashtra,West,Fashion,Men,Casual Shirt,1,1400.0,0.05,1130.5,700.0,-220.5,Debit Card,Returned
ORD00717,2025-09-03,CUST0407,Customer 0407,Female,21,Patna,Bihar,East,Fashion,Women,Kurti,1,1600.0,0.1,1224.0,800.0,-224.0,UPI,Returned
ORD00734,2025-09-03,CUST0424,Customer 0424,Male,21,Pune,Maharashtra,West,Books,Education,Python Programming Book,1,1100.0,0.1,990.0,520.0,470.0,UPI,Delivered
ORD00825,2025-09-03,CUST0016,Customer 0016,Female,29,Ahmedabad,Gujarat,West,Home & Kitchen,Kitchen,Cookware Set,2,2800.0,0.1,5040.0,3300.0,1740.0,Net Banking,Delivered
ORD00592,2025-09-03,CUST0235,Customer 0235,Female,32,Mumbai,Maharashtra,West,Home & Kitchen,Furniture,Office Chair,1,8500.0,0.15,7225.0,5700.0,1525.0,Credit Card,Delivered
ORD00675,2025-09-04,CUST0154,Customer 0154,Female,45,Lucknow,Uttar Pradesh,North,Sports,Fitness,Yoga Mat,2,1200.0,0.2,1920.0,1100.0,820.0,UPI,Delivered
ORD01407,2025-09-04,CUST0247,Customer 0247,Male,34,Delhi,Delhi,North,Electronics,Laptops,Laptop,1,52000.0,0.1,46800.0,39000.0,7800.0,Cash on Delivery,Delivered
ORD01025,2025-09-04,CUST0147,Customer 0147,Female,39,Delhi,Delhi,North,Sports,Fitness,Yoga Mat,1,1200.0,0.05,1140.0,550.0,590.0,UPI,Delivered
ORD00508,2025-09-04,CUST0355,Customer 0355,Female,57,Delhi,Delhi,North,Electronics,Accessories,Smart Watch,1,4500.0,0.15,3825.0,2700.0,1125.0,Debit Card,Delivered
ORD01029,2025-09-05,CUST0327,Customer 0327,Female,39,Chennai,Tamil Nadu,South,Electronics,Laptops,Laptop,3,52000.0,0.1,140400.0,117000.0,23400.0,Net Banking,Delivered
ORD01277,2025-09-05,CUST0322,Customer 0322,Female,39,Lucknow,Uttar Pradesh,North,Home & Kitchen,Kitchen,Cookware Set,2,2800.0,0.0,5600.0,3300.0,2300.0,UPI,Delivered
ORD00819,2025-09-05,CUST0393,Customer 0393,Male,28,Pune,Maharashtra,West,Fashion,Accessories,Backpack,1,1800.0,0.2,1440.0,950.0,490.0,Net Banking,Delivered
ORD00297,2025-09-05,CUST0148,Customer 0148,Female,18,Coimbatore,Tamil Nadu,South,Electronics,Accessories,Wireless Earbuds,1,2500.0,0.0,2500.0,1450.0,1050.0,Debit Card,Delivered
ORD00425,2025-09-05,CUST0170,Customer 0170,Female,37,Bengaluru,Karnataka,South,Fashion,Men,Casual Shirt,1,1400.0,0.1,1260.0,700.0,560.0,Net Banking,Delivered
ORD01461,2025-09-06,CUST0188,Customer 0188,Female,32,Jaipur,Rajasthan,North,Sports,Fitness,Yoga Mat,1,1200.0,0.05,1140.0,550.0,590.0,Credit Card,Delivered
ORD00607,2025-09-06,CUST0309,Customer 0309,Female,31,Coimbatore,Tamil Nadu,South,Sports,Fitness,Yoga Mat,1,1200.0,0.15,0.0,550.0,0.0,Net Banking,Cancelled
ORD00049,2025-09-07,CUST0493,Customer 0493,Female,33,Coimbatore,Tamil Nadu,South,Fashion,Women,Kurti,3,1600.0,0.1,4320.0,2400.0,1920.0,Credit Card,Delivered
ORD01198,2025-09-07,CUST0456,Customer 0456,Male,50,Kolkata,West Bengal,East,Electronics,Laptops,Laptop,2,52000.0,0.1,93600.0,78000.0,15600.0,Cash on Delivery,Delivered
ORD01471,2025-09-07,CUST0010,Customer 0010,Male,41,Coimbatore,Tamil Nadu,South,Beauty,Personal Care,Hair Dryer,1,2400.0,0.1,2160.0,1350.0,810.0,Credit Card,Delivered
ORD00692,2025-09-07,CUST0469,Customer 0469,Female,25,Coimbatore,Tamil Nadu,South,Home & Kitchen,Kitchen,Cookware Set,1,2800.0,0.1,2520.0,1650.0,870.0,Cash on Delivery,Delivered
ORD00267,2025-09-08,CUST0118,Customer 0118,Male,50,Bengaluru,Karnataka,South,Books,Education,Data Analytics Book,2,850.0,0.15,1445.0,840.0,605.0,UPI,Delivered
ORD01097,2025-09-08,CUST0377,Customer 0377,Male,58,Lucknow,Uttar Pradesh,North,Electronics,Accessories,Wireless Earbuds,1,2500.0,0.2,2000.0,1450.0,550.0,Credit Card,Delivered
ORD00956,2025-09-08,CUST0224,Customer 0224,Male,25,Chennai,Tamil Nadu,South,Beauty,Skincare,Face Serum,4,900.0,0.15,3060.0,1680.0,1380.0,Cash on Delivery,Delivered
ORD00647,2025-09-08,CUST0383,Customer 0383,Male,18,Pune,Maharashtra,West,Home & Kitchen,Appliances,Air Fryer,1,6500.0,0.1,5850.0,4200.0,1650.0,Cash on Delivery,Delivered
ORD00071,2025-09-08,CUST0374,Customer 0374,Male,35,Jaipur,Rajasthan,North,Books,Education,Python Programming Book,1,1100.0,0.0,1100.0,520.0,580.0,UPI,Delivered
ORD00597,2025-09-08,CUST0123,Customer 0123,Male,20,Lucknow,Uttar Pradesh,North,Fashion,Women,Kurti,1,1600.0,0.0,1600.0,800.0,800.0,Debit Card,Delivered
ORD00155,2025-09-08,CUST0037,Customer 0037,Female,30,Mumbai,Maharashtra,West,Home & Kitchen,Kitchen,Cookware Set,2,2800.0,0.05,4522.0,3300.0,-707.0,Cash on Delivery,Returned
ORD00405,2025-09-08,CUST0262,Customer 0262,Female,20,Patna,Bihar,East,Books,Education,Data Analytics Book,1,850.0,0.0,722.5,420.0,-150.5,UPI,Returned
ORD01380,2025-09-09,CUST0207,Customer 0207,Male,30,Delhi,Delhi,North,Books,Education,Python Programming Book,1,1100.0,0.1,990.0,520.0,470.0,Cash on Delivery,Delivered
ORD00757,2025-09-09,CUST0052,Customer 0052,Male,39,Mumbai,Maharashtra,West,Sports,Fitness,Yoga Mat,1,1200.0,0.05,1140.0,550.0,590.0,Credit Card,Delivered
ORD00386,2025-09-09,CUST0278,Customer 0278,Male,44,Ahmedabad,Gujarat,West,Fashion,Women,Kurti,1,1600.0,0.1,1440.0,800.0,640.0,UPI,Delivered
ORD01232,2025-09-09,CUST0173,Customer 0173,Male,26,Kolkata,West Bengal,East,Electronics,Accessories,Smart Watch,2,4500.0,0.1,8100.0,5400.0,2700.0,UPI,Delivered
ORD00865,2025-09-09,CUST0302,Customer 0302,Female,28,Delhi,Delhi,North,Electronics,Accessories,Wireless Earbuds,2,2500.0,0.1,4500.0,2900.0,1600.0,Debit Card,Delivered
ORD01400,2025-09-10,CUST0303,Customer 0303,Female,24,Pune,Maharashtra,West,Sports,Fitness,Yoga Mat,1,1200.0,0.2,816.0,550.0,-143.5,Credit Card,Returned
ORD00693,2025-09-10,CUST0342,Customer 0342,Male,47,Bhubaneswar,Odisha,East,Fashion,Women,Kurti,1,1600.0,0.05,1520.0,800.0,720.0,Cash on Delivery,Delivered
ORD00590,2025-09-10,CUST0090,Customer 0090,Male,23,Coimbatore,Tamil Nadu,South,Home & Kitchen,Furniture,Office Chair,1,8500.0,0.15,0.0,5700.0,0.0,Cash on Delivery,Cancelled
ORD00105,2025-09-11,CUST0123,Customer 0123,Female,50,Pune,Maharashtra,West,Electronics,Mobiles,Smartphone,1,18000.0,0.1,16200.0,12500.0,3700.0,Net Banking,Delivered
ORD01067,2025-09-12,CUST0174,Customer 0174,Female,42,Bengaluru,Karnataka,South,Fashion,Men,Casual Shirt,1,1400.0,0.0,1400.0,700.0,700.0,Net Banking,Delivered
ORD00023,2025-09-12,CUST0198,Customer 0198,Female,28,Ahmedabad,Gujarat,West,Books,Education,Data Analytics Book,2,850.0,0.05,1615.0,840.0,775.0,UPI,Delivered
ORD01179,2025-09-12,CUST0198,Customer 0198,Male,35,Delhi,Delhi,North,Electronics,Accessories,Smart Watch,1,4500.0,0.15,3825.0,2700.0,1125.0,Cash on Delivery,Delivered
ORD00464,2025-09-12,CUST0402,Customer 0402,Female,25,Ahmedabad,Gujarat,West,Home & Kitchen,Kitchen,Cookware Set,2,2800.0,0.2,3808.0,3300.0,-413.0,Debit Card,Returned
ORD01275,2025-09-12,CUST0255,Customer 0255,Female,50,Kolkata,West Bengal,East,Fashion,Women,Kurti,1,1600.0,0.1,1224.0,800.0,-224.0,Net Banking,Returned
ORD00802,2025-09-12,CUST0313,Customer 0313,Male,26,Lucknow,Uttar Pradesh,North,Books,Education,Python Programming Book,1,1100.0,0.1,990.0,520.0,470.0,Debit Card,Delivered
ORD00036,2025-09-13,CUST0223,Customer 0223,Female,20,Bhubaneswar,Odisha,East,Electronics,Mobiles,Smartphone,1,18000.0,0.05,17100.0,12500.0,4600.0,Credit Card,Delivered
ORD01201,2025-09-13,CUST0071,Customer 0071,Female,45,Ahmedabad,Gujarat,West,Fashion,Women,Kurti,1,1600.0,0.2,1280.0,800.0,480.0,Credit Card,Delivered
ORD00392,2025-09-13,CUST0076,Customer 0076,Female,36,Bengaluru,Karnataka,South,Home & Kitchen,Appliances,Mixer Grinder,1,3200.0,0.1,2880.0,2100.0,780.0,Net Banking,Delivered
ORD01158,2025-09-13,CUST0468,Customer 0468,Female,49,Kolkata,West Bengal,East,Home & Kitchen,Kitchen,Cookware Set,1,2800.0,0.1,2520.0,1650.0,870.0,Credit Card,Delivered
ORD00539,2025-09-13,CUST0237,Customer 0237,Female,42,Hyderabad,Telangana,South,Sports,Fitness,Yoga Mat,3,1200.0,0.15,3060.0,1650.0,1410.0,Credit Card,Delivered
ORD01458,2025-09-13,CUST0384,Customer 0384,Female,45,Coimbatore,Tamil Nadu,South,Beauty,Personal Care,Hair Dryer,1,2400.0,0.05,2280.0,1350.0,930.0,UPI,Delivered
ORD00838,2025-09-13,CUST0347,Customer 0347,Male,49,Patna,Bihar,East,Home & Kitchen,Kitchen,Cookware Set,1,2800.0,0.0,0.0,1650.0,0.0,Cash on Delivery,Cancelled
ORD00468,2025-09-13,CUST0341,Customer 0341,Male,27,Pune,Maharashtra,West,Sports,Fitness,Yoga Mat,1,1200.0,0.1,1080.0,550.0,530.0,Debit Card,Delivered
ORD00567,2025-09-13,CUST0245,Customer 0245,Male,52,Bhubaneswar,Odisha,East,Home & Kitchen,Kitchen,Cookware Set,2,2800.0,0.0,5600.0,3300.0,2300.0,UPI,Delivered
ORD00085,2025-09-14,CUST0207,Customer 0207,Male,39,Chennai,Tamil Nadu,South,Electronics,Accessories,Smart Watch,1,4500.0,0.1,4050.0,2700.0,1350.0,Credit Card,Delivered
ORD00169,2025-09-14,CUST0445,Customer 0445,Male,42,Delhi,Delhi,North,Home & Kitchen,Appliances,Mixer Grinder,1,3200.0,0.1,2880.0,2100.0,780.0,Cash on Delivery,Delivered
ORD01052,2025-09-15,CUST0342,Customer 0342,Male,30,Chennai,Tamil Nadu,South,Fashion,Men,Casual Shirt,2,1400.0,0.0,2800.0,1400.0,1400.0,Debit Card,Delivered
ORD00222,2025-09-15,CUST0286,Customer 0286,Female,25,Pune,Maharashtra,West,Fashion,Accessories,Backpack,1,1800.0,0.2,0.0,950.0,0.0,Cash on Delivery,Cancelled
ORD01267,2025-09-16,CUST0426,Customer 0426,Female,60,Delhi,Delhi,North,Fashion,Women,Kurti,1,1600.0,0.2,1280.0,800.0,480.0,Cash on Delivery,Delivered
ORD00096,2025-09-16,CUST0261,Customer 0261,Male,27,Bhubaneswar,Odisha,East,Fashion,Footwear,Running Shoes,1,3200.0,0.05,3040.0,1750.0,1290.0,Cash on Delivery,Delivered
ORD01018,2025-09-16,CUST0423,Customer 0423,Female,21,Bengaluru,Karnataka,South,Electronics,Accessories,Smart Watch,4,4500.0,0.0,18000.0,10800.0,7200.0,Net Banking,Delivered
ORD01271,2025-09-16,CUST0128,Customer 0128,Male,28,Pune,Maharashtra,West,Sports,Fitness,Yoga Mat,1,1200.0,0.0,1200.0,550.0,650.0,Net Banking,Delivered
ORD01169,2025-09-16,CUST0464,Customer 0464,Female,46,Chennai,Tamil Nadu,South,Home & Kitchen,Furniture,Office Chair,1,8500.0,0.05,6863.75,5700.0,-831.25,Debit Card,Returned
ORD00349,2025-09-16,CUST0045,Customer 0045,Male,36,Madurai,Tamil Nadu,South,Home & Kitchen,Kitchen,Cookware Set,1,2800.0,0.1,2520.0,1650.0,870.0,Debit Card,Delivered
ORD01497,2025-09-17,CUST0357,Customer 0357,Male,28,Jaipur,Rajasthan,North,Electronics,Accessories,Smart Watch,1,4500.0,0.05,4275.0,2700.0,1575.0,Debit Card,Delivered
ORD00902,2025-09-17,CUST0118,Customer 0118,Male,42,Pune,Maharashtra,West,Home & Kitchen,Appliances,Mixer Grinder,1,3200.0,0.1,2880.0,2100.0,780.0,Credit Card,Delivered
ORD00237,2025-09-17,CUST0380,Customer 0380,Female,46,Chennai,Tamil Nadu,South,Electronics,Accessories,Smart Watch,4,4500.0,0.15,0.0,10800.0,0.0,Cash on Delivery,Cancelled
ORD01261,2025-09-17,CUST0377,Customer 0377,Female,23,Delhi,Delhi,North,Sports,Fitness,Yoga Mat,1,1200.0,0.2,960.0,550.0,410.0,Debit Card,Delivered
ORD01490,2025-09-18,CUST0374,Customer 0374,Female,53,Lucknow,Uttar Pradesh,North,Home & Kitchen,Kitchen,Cookware Set,1,2800.0,0.1,2520.0,1650.0,870.0,Debit Card,Delivered
ORD01256,2025-09-18,CUST0201,Customer 0201,Female,35,Jaipur,Rajasthan,North,Sports,Fitness,Yoga Mat,1,1200.0,0.0,1200.0,550.0,650.0,Debit Card,Delivered
ORD01413,2025-09-20,CUST0451,Customer 0451,Female,23,Kolkata,West Bengal,East,Home & Kitchen,Appliances,Air Fryer,2,6500.0,0.15,0.0,8400.0,0.0,Credit Card,Cancelled
ORD01131,2025-09-20,CUST0227,Customer 0227,Male,59,Bhubaneswar,Odisha,East,Electronics,Laptops,Laptop,1,52000.0,0.05,49400.0,39000.0,10400.0,Debit Card,Delivered
ORD01299,2025-09-20,CUST0378,Customer 0378,Male,20,Hyderabad,Telangana,South,Sports,Fitness,Dumbbells,2,2600.0,0.05,4940.0,2900.0,2040.0,Cash on Delivery,Delivered
ORD01083,2025-09-21,CUST0401,Customer 0401,Female,32,Pune,Maharashtra,West,Books,Education,Python Programming Book,2,1100.0,0.1,1980.0,1040.0,940.0,Net Banking,Delivered
ORD00771,2025-09-21,CUST0021,Customer 0021,Female,38,Lucknow,Uttar Pradesh,North,Home & Kitchen,Kitchen,Cookware Set,1,2800.0,0.1,2142.0,1650.0,-304.5,Cash on Delivery,Returned
ORD00205,2025-09-22,CUST0454,Customer 0454,Female,46,Coimbatore,Tamil Nadu,South,Beauty,Personal Care,Hair Dryer,1,2400.0,0.15,2040.0,1350.0,690.0,Credit Card,Delivered
ORD00596,2025-09-22,CUST0215,Customer 0215,Male,59,Kolkata,West Bengal,East,Books,Education,Data Analytics Book,1,850.0,0.15,722.5,420.0,302.5,Net Banking,Delivered
ORD00981,2025-09-22,CUST0131,Customer 0131,Male,50,Lucknow,Uttar Pradesh,North,Beauty,Skincare,Face Serum,4,900.0,0.1,3240.0,1680.0,1560.0,Net Banking,Delivered
ORD00977,2025-09-23,CUST0158,Customer 0158,Male,20,Pune,Maharashtra,West,Fashion,Men,Casual Shirt,1,1400.0,0.2,1120.0,700.0,420.0,Credit Card,Delivered
ORD00868,2025-09-23,CUST0065,Customer 0065,Female,25,Hyderabad,Telangana,South,Home & Kitchen,Appliances,Mixer Grinder,2,3200.0,0.1,5760.0,4200.0,1560.0,Credit Card,Delivered
ORD01111,2025-09-23,CUST0017,Customer 0017,Female,26,Coimbatore,Tamil Nadu,South,Sports,Fitness,Yoga Mat,1,1200.0,0.05,0.0,550.0,0.0,Credit Card,Cancelled
ORD00235,2025-09-23,CUST0253,Customer 0253,Male,32,Kolkata,West Bengal,East,Home & Kitchen,Appliances,Mixer Grinder,1,3200.0,0.05,3040.0,2100.0,940.0,UPI,Delivered
ORD01128,2025-09-24,CUST0018,Customer 0018,Male,30,Bhubaneswar,Odisha,East,Sports,Fitness,Dumbbells,2,2600.0,0.0,5200.0,2900.0,2300.0,Credit Card,Delivered
ORD00100,2025-09-24,CUST0291,Customer 0291,Male,54,Bhubaneswar,Odisha,East,Home & Kitchen,Kitchen,Cookware Set,2,2800.0,0.0,4760.0,3300.0,-805.0,Net Banking,Returned
ORD01053,2025-09-25,CUST0041,Customer 0041,Male,24,Chennai,Tamil Nadu,South,Books,Education,Data Analytics Book,2,850.0,0.1,1530.0,840.0,690.0,Net Banking,Delivered
ORD00254,2025-09-25,CUST0149,Customer 0149,Female,25,Jaipur,Rajasthan,North,Home & Kitchen,Furniture,Office Chair,3,8500.0,0.05,24225.0,17100.0,7125.0,Cash on Delivery,Delivered
ORD00286,2025-09-25,CUST0297,Customer 0297,Female,54,Hyderabad,Telangana,South,Fashion,Footwear,Running Shoes,1,3200.0,0.05,3040.0,1750.0,1290.0,Net Banking,Delivered
ORD00323,2025-09-25,CUST0463,Customer 0463,Female,54,Chennai,Tamil Nadu,South,Fashion,Men,Casual Shirt,1,1400.0,0.05,1330.0,700.0,630.0,Net Banking,Delivered
ORD00076,2025-09-25,CUST0222,Customer 0222,Male,34,Lucknow,Uttar Pradesh,North,Books,Education,Python Programming Book,2,1100.0,0.2,1496.0,1040.0,-252.0,Net Banking,Returned
ORD00475,2025-09-25,CUST0131,Customer 0131,Female,43,Lucknow,Uttar Pradesh,North,Sports,Fitness,Yoga Mat,1,1200.0,0.1,918.0,550.0,-185.5,Net Banking,Returned
ORD00642,2025-09-26,CUST0334,Customer 0334,Male,46,Patna,Bihar,East,Books,Education,Data Analytics Book,4,850.0,0.05,3230.0,1680.0,1550.0,Credit Card,Delivered
ORD00220,2025-09-26,CUST0428,Customer 0428,Male,49,Pune,Maharashtra,West,Electronics,Accessories,Smart Watch,1,4500.0,0.0,4500.0,2700.0,1800.0,Net Banking,Delivered
ORD00974,2025-09-26,CUST0088,Customer 0088,Male,39,Pune,Maharashtra,West,Sports,Fitness,Yoga Mat,1,1200.0,0.1,1080.0,550.0,530.0,Credit Card,Delivered
ORD01065,2025-09-27,CUST0223,Customer 0223,Female,49,Madurai,Tamil Nadu,South,Home & Kitchen,Kitchen,Cookware Set,1,2800.0,0.1,2520.0,1650.0,870.0,Credit Card,Delivered
ORD00140,2025-09-27,CUST0176,Customer 0176,Female,40,Mumbai,Maharashtra,West,Home & Kitchen,Furniture,Office Chair,1,8500.0,0.1,7650.0,5700.0,1950.0,Net Banking,Delivered
ORD00395,2025-09-28,CUST0280,Customer 0280,Male,57,Patna,Bihar,East,Electronics,Accessories,Smart Watch,2,4500.0,0.05,0.0,5400.0,0.0,Net Banking,Cancelled
ORD00004,2025-09-28,CUST0364,Customer 0364,Male,20,Kolkata,West Bengal,East,Sports,Fitness,Dumbbells,1,2600.0,0.15,2210.0,1450.0,760.0,Net Banking,Delivered
ORD00449,2025-09-28,CUST0057,Customer 0057,Female,35,Delhi,Delhi,North,Beauty,Skincare,Face Serum,1,900.0,0.0,765.0,420.0,-168.0,Debit Card,Returned
ORD00929,2025-09-28,CUST0406,Customer 0406,Female,58,Kolkata,West Bengal,East,Sports,Fitness,Yoga Mat,4,1200.0,0.1,4320.0,2200.0,2120.0,Cash on Delivery,Delivered
ORD00961,2025-09-29,CUST0271,Customer 0271,Male,39,Pune,Maharashtra,West,Home & Kitchen,Kitchen,Cookware Set,1,2800.0,0.15,2380.0,1650.0,730.0,Debit Card,Delivered
ORD00644,2025-09-29,CUST0273,Customer 0273,Female,19,Patna,Bihar,East,Electronics,Accessories,Wireless Earbuds,2,2500.0,0.1,4500.0,2900.0,1600.0,Cash on Delivery,Delivered
ORD01051,2025-09-29,CUST0317,Customer 0317,Female,34,Delhi,Delhi,North,Beauty,Skincare,Face Serum,1,900.0,0.05,855.0,420.0,435.0,Cash on Delivery,Delivered
ORD01046,2025-09-29,CUST0135,Customer 0135,Female,60,Delhi,Delhi,North,Home & Kitchen,Furniture,Office Chair,2,8500.0,0.15,14450.0,11400.0,3050.0,Net Banking,Delivered
ORD01235,2025-09-30,CUST0498,Customer 0498,Male,29,Hyderabad,Telangana,South,Beauty,Skincare,Face Serum,1,900.0,0.1,810.0,420.0,390.0,Net Banking,Delivered
ORD01170,2025-09-30,CUST0337,Customer 0337,Male,28,Lucknow,Uttar Pradesh,North,Home & Kitchen,Appliances,Air Fryer,1,6500.0,0.2,5200.0,4200.0,1000.0,Credit Card,Delivered
ORD01257,2025-09-30,CUST0379,Customer 0379,Male,25,Patna,Bihar,East,Home & Kitchen,Kitchen,Cookware Set,3,2800.0,0.15,7140.0,4950.0,2190.0,UPI,Delivered
ORD01385,2025-09-30,CUST0116,Customer 0116,Male,51,Chennai,Tamil Nadu,South,Fashion,Women,Kurti,1,1600.0,0.05,1520.0,800.0,720.0,Net Banking,Delivered
ORD00383,2025-09-30,CUST0418,Customer 0418,Male,25,Madurai,Tamil Nadu,South,Electronics,Laptops,Laptop,3,52000.0,0.1,140400.0,117000.0,23400.0,Net Banking,Delivered
ORD00758,2025-10-01,CUST0243,Customer 0243,Male,27,Hyderabad,Telangana,South,Home & Kitchen,Furniture,Office Chair,1,8500.0,0.0,7225.0,5700.0,-980.0,Credit Card,Returned
ORD00673,2025-10-01,CUST0082,Customer 0082,Male,26,Bhubaneswar,Odisha,East,Books,Education,Data Analytics Book,2,850.0,0.05,1615.0,840.0,775.0,UPI,Delivered
ORD00302,2025-10-02,CUST0206,Customer 0206,Male,26,Madurai,Tamil Nadu,South,Fashion,Women,Kurti,2,1600.0,0.0,0.0,1600.0,0.0,Debit Card,Cancelled
ORD01335,2025-10-02,CUST0329,Customer 0329,Male,20,Patna,Bihar,East,Home & Kitchen,Appliances,Mixer Grinder,1,3200.0,0.1,2880.0,2100.0,780.0,Cash on Delivery,Delivered
ORD01014,2025-10-02,CUST0104,Customer 0104,Female,35,Patna,Bihar,East,Beauty,Skincare,Face Serum,2,900.0,0.1,1377.0,840.0,-273.0,Net Banking,Returned
ORD00890,2025-10-02,CUST0303,Customer 0303,Female,33,Hyderabad,Telangana,South,Home & Kitchen,Kitchen,Cookware Set,1,2800.0,0.05,2660.0,1650.0,1010.0,Credit Card,Delivered
ORD00573,2025-10-03,CUST0275,Customer 0275,Female,44,Kolkata,West Bengal,East,Beauty,Skincare,Face Serum,2,900.0,0.15,1300.5,840.0,-241.5,Net Banking,Returned
ORD00480,2025-10-03,CUST0433,Customer 0433,Male,59,Patna,Bihar,East,Beauty,Personal Care,Hair Dryer,1,2400.0,0.05,2280.0,1350.0,930.0,Net Banking,Delivered
ORD01301,2025-10-03,CUST0220,Customer 0220,Male,22,Ahmedabad,Gujarat,West,Electronics,Accessories,Smart Watch,1,4500.0,0.05,3633.75,2700.0,-551.25,UPI,Returned
ORD01024,2025-10-04,CUST0041,Customer 0041,Female,52,Delhi,Delhi,North,Electronics,Accessories,Smart Watch,2,4500.0,0.0,9000.0,5400.0,3600.0,Debit Card,Delivered
ORD01451,2025-10-04,CUST0046,Customer 0046,Female,23,Ahmedabad,Gujarat,West,Electronics,Accessories,Smart Watch,1,4500.0,0.05,4275.0,2700.0,1575.0,Cash on Delivery,Delivered
ORD00031,2025-10-04,CUST0195,Customer 0195,Male,50,Chennai,Tamil Nadu,South,Beauty,Personal Care,Hair Dryer,1,2400.0,0.05,0.0,1350.0,0.0,Cash on Delivery,Cancelled
ORD00174,2025-10-04,CUST0495,Customer 0495,Male,55,Chennai,Tamil Nadu,South,Home & Kitchen,Kitchen,Cookware Set,1,2800.0,0.05,2261.0,1650.0,-353.5,Debit Card,Returned
ORD00892,2025-10-04,CUST0391,Customer 0391,Male,59,Chennai,Tamil Nadu,South,Electronics,Accessories,Smart Watch,1,4500.0,0.05,4275.0,2700.0,1575.0,UPI,Delivered
ORD01460,2025-10-05,CUST0315,Customer 0315,Male,51,Kolkata,West Bengal,East,Books,Education,Python Programming Book,2,1100.0,0.15,1870.0,1040.0,830.0,Debit Card,Delivered
ORD01394,2025-10-05,CUST0079,Customer 0079,Male,19,Madurai,Tamil Nadu,South,Sports,Fitness,Dumbbells,3,2600.0,0.0,7800.0,4350.0,3450.0,UPI,Delivered
ORD00461,2025-10-05,CUST0388,Customer 0388,Female,40,Bengaluru,Karnataka,South,Home & Kitchen,Furniture,Office Chair,1,8500.0,0.15,0.0,5700.0,0.0,Cash on Delivery,Cancelled
ORD00253,2025-10-05,CUST0288,Customer 0288,Male,38,Patna,Bihar,East,Books,Education,Python Programming Book,1,1100.0,0.2,880.0,520.0,360.0,Debit Card,Delivered
ORD01314,2025-10-05,CUST0168,Customer 0168,Female,35,Mumbai,Maharashtra,West,Electronics,Accessories,Smart Watch,2,4500.0,0.1,8100.0,5400.0,2700.0,UPI,Delivered
ORD00522,2025-10-05,CUST0249,Customer 0249,Male,59,Delhi,Delhi,North,Fashion,Accessories,Backpack,1,1800.0,0.1,1620.0,950.0,670.0,Credit Card,Delivered
ORD00584,2025-10-05,CUST0138,Customer 0138,Male,24,Jaipur,Rajasthan,North,Home & Kitchen,Furniture,Office Chair,1,8500.0,0.0,8500.0,5700.0,2800.0,Net Banking,Delivered
ORD01323,2025-10-06,CUST0463,Customer 0463,Male,41,Hyderabad,Telangana,South,Home & Kitchen,Appliances,Mixer Grinder,1,3200.0,0.2,2560.0,2100.0,460.0,Credit Card,Delivered
ORD00218,2025-10-07,CUST0102,Customer 0102,Female,49,Chennai,Tamil Nadu,South,Fashion,Footwear,Running Shoes,1,3200.0,0.0,3200.0,1750.0,1450.0,Net Banking,Delivered
ORD00035,2025-10-07,CUST0099,Customer 0099,Female,50,Delhi,Delhi,North,Home & Kitchen,Appliances,Mixer Grinder,1,3200.0,0.1,0.0,2100.0,0.0,Cash on Delivery,Cancelled
ORD01369,2025-10-07,CUST0401,Customer 0401,Male,52,Coimbatore,Tamil Nadu,South,Electronics,Accessories,Smart Watch,1,4500.0,0.05,0.0,2700.0,0.0,UPI,Cancelled
ORD01006,2025-10-07,CUST0226,Customer 0226,Male,41,Lucknow,Uttar Pradesh,North,Home & Kitchen,Appliances,Air Fryer,4,6500.0,0.0,22100.0,16800.0,-3220.0,UPI,Returned
ORD00850,2025-10-07,CUST0203,Customer 0203,Female,41,Ahmedabad,Gujarat,West,Home & Kitchen,Appliances,Mixer Grinder,1,3200.0,0.2,0.0,2100.0,0.0,UPI,Cancelled
ORD00562,2025-10-07,CUST0146,Customer 0146,Female,31,Bhubaneswar,Odisha,East,Home & Kitchen,Furniture,Office Chair,1,8500.0,0.1,7650.0,5700.0,1950.0,Credit Card,Delivered
ORD00531,2025-10-07,CUST0045,Customer 0045,Female,25,Mumbai,Maharashtra,West,Home & Kitchen,Kitchen,Cookware Set,3,2800.0,0.05,0.0,4950.0,0.0,Cash on Delivery,Cancelled
ORD00301,2025-10-08,CUST0215,Customer 0215,Female,36,Bengaluru,Karnataka,South,Books,Education,Data Analytics Book,1,850.0,0.0,722.5,420.0,-150.5,Debit Card,Returned
ORD00858,2025-10-08,CUST0039,Customer 0039,Male,32,Bhubaneswar,Odisha,East,Fashion,Women,Kurti,2,1600.0,0.0,3200.0,1600.0,1600.0,Debit Card,Delivered
ORD00950,2025-10-08,CUST0136,Customer 0136,Male,20,Jaipur,Rajasthan,North,Books,Education,Python Programming Book,1,1100.0,0.0,1100.0,520.0,580.0,Debit Card,Delivered
ORD01066,2025-10-08,CUST0449,Customer 0449,Female,29,Delhi,Delhi,North,Electronics,Laptops,Laptop,1,52000.0,0.0,52000.0,39000.0,13000.0,UPI,Delivered
ORD00803,2025-10-08,CUST0215,Customer 0215,Male,57,Bengaluru,Karnataka,South,Home & Kitchen,Kitchen,Cookware Set,1,2800.0,0.05,2660.0,1650.0,1010.0,Credit Card,Delivered
ORD01345,2025-10-08,CUST0141,Customer 0141,Female,60,Patna,Bihar,East,Electronics,Accessories,Smart Watch,2,4500.0,0.1,8100.0,5400.0,2700.0,UPI,Delivered
ORD01326,2025-10-09,CUST0175,Customer 0175,Female,47,Madurai,Tamil Nadu,South,Beauty,Skincare,Face Serum,1,900.0,0.05,855.0,420.0,435.0,Debit Card,Delivered
ORD00513,2025-10-09,CUST0340,Customer 0340,Female,40,Hyderabad,Telangana,South,Fashion,Accessories,Backpack,2,1800.0,0.15,3060.0,1900.0,1160.0,Cash on Delivery,Delivered
ORD00084,2025-10-09,CUST0056,Customer 0056,Female,60,Bhubaneswar,Odisha,East,Fashion,Men,Casual Shirt,2,1400.0,0.1,0.0,1400.0,0.0,Net Banking,Cancelled
ORD00447,2025-10-09,CUST0073,Customer 0073,Female,18,Hyderabad,Telangana,South,Fashion,Footwear,Running Shoes,1,3200.0,0.0,3200.0,1750.0,1450.0,Net Banking,Delivered
ORD01365,2025-10-09,CUST0075,Customer 0075,Female,27,Patna,Bihar,East,Sports,Fitness,Yoga Mat,1,1200.0,0.0,1200.0,550.0,650.0,Net Banking,Delivered
ORD00377,2025-10-09,CUST0361,Customer 0361,Male,50,Patna,Bihar,East,Books,Education,Python Programming Book,1,1100.0,0.0,1100.0,520.0,580.0,Credit Card,Delivered
ORD00346,2025-10-09,CUST0067,Customer 0067,Male,53,Coimbatore,Tamil Nadu,South,Home & Kitchen,Kitchen,Cookware Set,2,2800.0,0.05,0.0,3300.0,0.0,UPI,Cancelled
ORD01376,2025-10-09,CUST0212,Customer 0212,Female,25,Bhubaneswar,Odisha,East,Electronics,Mobiles,Smartphone,1,18000.0,0.15,15300.0,12500.0,2800.0,Net Banking,Delivered
ORD00420,2025-10-10,CUST0233,Customer 0233,Male,53,Mumbai,Maharashtra,West,Sports,Fitness,Yoga Mat,2,1200.0,0.1,1836.0,1100.0,-371.0,Debit Card,Returned
ORD00424,2025-10-10,CUST0341,Customer 0341,Male,42,Jaipur,Rajasthan,North,Books,Education,Python Programming Book,1,1100.0,0.0,1100.0,520.0,580.0,Cash on Delivery,Delivered
ORD00637,2025-10-10,CUST0172,Customer 0172,Male,58,Ahmedabad,Gujarat,West,Home & Kitchen,Furniture,Office Chair,3,8500.0,0.0,0.0,17100.0,0.0,Debit Card,Cancelled
ORD00369,2025-10-10,CUST0222,Customer 0222,Male,51,Ahmedabad,Gujarat,West,Fashion,Accessories,Backpack,1,1800.0,0.0,0.0,950.0,0.0,Net Banking,Cancelled
ORD00409,2025-10-10,CUST0483,Customer 0483,Male,29,Hyderabad,Telangana,South,Electronics,Mobiles,Smartphone,1,18000.0,0.0,15300.0,12500.0,-1925.0,Debit Card,Returned
ORD00061,2025-10-10,CUST0422,Customer 0422,Male,25,Ahmedabad,Gujarat,West,Fashion,Women,Kurti,2,1600.0,0.0,3200.0,1600.0,1600.0,Net Banking,Delivered
ORD00648,2025-10-10,CUST0106,Customer 0106,Male,53,Bengaluru,Karnataka,South,Books,Education,Python Programming Book,1,1100.0,0.1,990.0,520.0,470.0,Cash on Delivery,Delivered
ORD00033,2025-10-11,CUST0317,Customer 0317,Female,36,Hyderabad,Telangana,South,Electronics,Mobiles,Smartphone,1,18000.0,0.15,15300.0,12500.0,2800.0,Cash on Delivery,Delivered
ORD00337,2025-10-11,CUST0147,Customer 0147,Male,44,Pune,Maharashtra,West,Home & Kitchen,Kitchen,Cookware Set,2,2800.0,0.1,4284.0,3300.0,-609.0,Net Banking,Returned
ORD00332,2025-10-12,CUST0401,Customer 0401,Male,49,Coimbatore,Tamil Nadu,South,Fashion,Men,Casual Shirt,1,1400.0,0.2,1120.0,700.0,420.0,Cash on Delivery,Delivered
ORD01418,2025-10-13,CUST0281,Customer 0281,Female,31,Jaipur,Rajasthan,North,Beauty,Skincare,Face Serum,2,900.0,0.0,0.0,840.0,0.0,Cash on Delivery,Cancelled
ORD00917,2025-10-13,CUST0453,Customer 0453,Male,41,Coimbatore,Tamil Nadu,South,Electronics,Mobiles,Smartphone,1,18000.0,0.1,16200.0,12500.0,3700.0,Cash on Delivery,Delivered
ORD00118,2025-10-13,CUST0078,Customer 0078,Male,19,Chennai,Tamil Nadu,South,Beauty,Skincare,Face Serum,2,900.0,0.1,1620.0,840.0,780.0,Cash on Delivery,Delivered
ORD00958,2025-10-13,CUST0092,Customer 0092,Female,40,Madurai,Tamil Nadu,South,Electronics,Mobiles,Smartphone,3,18000.0,0.1,0.0,37500.0,0.0,UPI,Cancelled
ORD00499,2025-10-13,CUST0238,Customer 0238,Female,35,Mumbai,Maharashtra,West,Books,Education,Python Programming Book,4,1100.0,0.15,3740.0,2080.0,1660.0,Net Banking,Delivered
ORD00854,2025-10-13,CUST0441,Customer 0441,Male,51,Chennai,Tamil Nadu,South,Electronics,Laptops,Laptop,1,52000.0,0.1,46800.0,39000.0,7800.0,Cash on Delivery,Delivered
ORD00056,2025-10-13,CUST0342,Customer 0342,Male,36,Madurai,Tamil Nadu,South,Fashion,Men,Casual Shirt,2,1400.0,0.1,2520.0,1400.0,1120.0,UPI,Delivered
ORD00495,2025-10-14,CUST0383,Customer 0383,Female,21,Hyderabad,Telangana,South,Fashion,Men,Casual Shirt,1,1400.0,0.15,0.0,700.0,0.0,Net Banking,Cancelled
ORD01420,2025-10-14,CUST0468,Customer 0468,Male,31,Ahmedabad,Gujarat,West,Beauty,Personal Care,Hair Dryer,1,2400.0,0.1,0.0,1350.0,0.0,UPI,Cancelled
ORD00167,2025-10-15,CUST0459,Customer 0459,Male,20,Bhubaneswar,Odisha,East,Fashion,Footwear,Running Shoes,1,3200.0,0.1,2448.0,1750.0,-395.5,UPI,Returned
ORD01055,2025-10-15,CUST0210,Customer 0210,Female,53,Bhubaneswar,Odisha,East,Beauty,Skincare,Face Serum,1,900.0,0.15,765.0,420.0,345.0,Credit Card,Delivered
ORD00075,2025-10-15,CUST0154,Customer 0154,Female,51,Chennai,Tamil Nadu,South,Home & Kitchen,Kitchen,Cookware Set,1,2800.0,0.05,0.0,1650.0,0.0,Debit Card,Cancelled
ORD00199,2025-10-16,CUST0053,Customer 0053,Female,22,Ahmedabad,Gujarat,West,Beauty,Personal Care,Hair Dryer,1,2400.0,0.2,1632.0,1350.0,-199.5,UPI,Returned
ORD00696,2025-10-16,CUST0244,Customer 0244,Female,29,Delhi,Delhi,North,Home & Kitchen,Furniture,Office Chair,1,8500.0,0.0,8500.0,5700.0,2800.0,Credit Card,Delivered
ORD01355,2025-10-16,CUST0102,Customer 0102,Male,39,Jaipur,Rajasthan,North,Fashion,Footwear,Running Shoes,2,3200.0,0.1,5760.0,3500.0,2260.0,Net Banking,Delivered
ORD01311,2025-10-16,CUST0187,Customer 0187,Male,18,Kolkata,West Bengal,East,Fashion,Accessories,Backpack,1,1800.0,0.15,1530.0,950.0,580.0,Debit Card,Delivered
ORD00831,2025-10-16,CUST0416,Customer 0416,Male,34,Pune,Maharashtra,West,Beauty,Personal Care,Hair Dryer,2,2400.0,0.05,4560.0,2700.0,1860.0,Debit Card,Delivered
ORD00048,2025-10-16,CUST0010,Customer 0010,Female,22,Pune,Maharashtra,West,Electronics,Accessories,Smart Watch,1,4500.0,0.1,4050.0,2700.0,1350.0,Cash on Delivery,Delivered
ORD01307,2025-10-16,CUST0265,Customer 0265,Male,20,Lucknow,Uttar Pradesh,North,Sports,Fitness,Dumbbells,1,2600.0,0.1,0.0,1450.0,0.0,Net Banking,Cancelled
ORD00649,2025-10-17,CUST0013,Customer 0013,Female,35,Mumbai,Maharashtra,West,Sports,Fitness,Dumbbells,1,2600.0,0.0,2600.0,1450.0,1150.0,Net Banking,Delivered
ORD01379,2025-10-17,CUST0418,Customer 0418,Male,34,Bengaluru,Karnataka,South,Electronics,Accessories,Smart Watch,1,4500.0,0.0,3825.0,2700.0,-630.0,Net Banking,Returned
ORD00327,2025-10-17,CUST0421,Customer 0421,Female,18,Chennai,Tamil Nadu,South,Home & Kitchen,Furniture,Office Chair,1,8500.0,0.05,8075.0,5700.0,2375.0,UPI,Delivered
ORD00355,2025-10-17,CUST0361,Customer 0361,Female,32,Kolkata,West Bengal,East,Beauty,Personal Care,Hair Dryer,1,2400.0,0.1,2160.0,1350.0,810.0,UPI,Delivered
ORD00939,2025-10-17,CUST0242,Customer 0242,Female,47,Mumbai,Maharashtra,West,Fashion,Accessories,Backpack,4,1800.0,0.2,4896.0,3800.0,-686.0,Credit Card,Returned
ORD00765,2025-10-18,CUST0043,Customer 0043,Female,37,Chennai,Tamil Nadu,South,Electronics,Accessories,Wireless Earbuds,1,2500.0,0.2,2000.0,1450.0,550.0,Debit Card,Delivered
ORD00657,2025-10-18,CUST0477,Customer 0477,Female,54,Delhi,Delhi,North,Fashion,Accessories,Backpack,2,1800.0,0.0,3600.0,1900.0,1700.0,UPI,Delivered
ORD00871,2025-10-18,CUST0343,Customer 0343,Female,33,Patna,Bihar,East,Fashion,Accessories,Backpack,1,1800.0,0.1,1620.0,950.0,670.0,Net Banking,Delivered
ORD01112,2025-10-19,CUST0326,Customer 0326,Female,33,Bengaluru,Karnataka,South,Fashion,Men,Casual Shirt,1,1400.0,0.2,0.0,700.0,0.0,Cash on Delivery,Cancelled
ORD00962,2025-10-19,CUST0010,Customer 0010,Male,56,Mumbai,Maharashtra,West,Beauty,Personal Care,Hair Dryer,1,2400.0,0.1,2160.0,1350.0,810.0,UPI,Delivered
ORD00773,2025-10-19,CUST0327,Customer 0327,Male,58,Bhubaneswar,Odisha,East,Sports,Fitness,Dumbbells,1,2600.0,0.0,2210.0,1450.0,-402.5,Net Banking,Returned
ORD00250,2025-10-19,CUST0217,Customer 0217,Female,27,Madurai,Tamil Nadu,South,Books,Education,Data Analytics Book,1,850.0,0.15,722.5,420.0,302.5,Net Banking,Delivered
ORD00727,2025-10-19,CUST0313,Customer 0313,Male,24,Patna,Bihar,East,Fashion,Footwear,Running Shoes,1,3200.0,0.05,2584.0,1750.0,-451.5,Credit Card,Returned
ORD01229,2025-10-20,CUST0133,Customer 0133,Female,59,Pune,Maharashtra,West,Home & Kitchen,Appliances,Air Fryer,2,6500.0,0.0,11050.0,8400.0,-1610.0,Cash on Delivery,Returned
ORD01174,2025-10-20,CUST0398,Customer 0398,Female,37,Lucknow,Uttar Pradesh,North,Fashion,Men,Casual Shirt,1,1400.0,0.05,1330.0,700.0,630.0,Credit Card,Delivered
ORD01478,2025-10-20,CUST0271,Customer 0271,Male,33,Mumbai,Maharashtra,West,Home & Kitchen,Appliances,Mixer Grinder,1,3200.0,0.15,2312.0,2100.0,-217.0,Cash on Delivery,Returned
ORD00216,2025-10-20,CUST0138,Customer 0138,Male,31,Mumbai,Maharashtra,West,Sports,Fitness,Dumbbells,1,2600.0,0.1,2340.0,1450.0,890.0,Net Banking,Delivered
ORD00361,2025-10-20,CUST0028,Customer 0028,Female,58,Hyderabad,Telangana,South,Fashion,Accessories,Backpack,1,1800.0,0.05,0.0,950.0,0.0,Debit Card,Cancelled
ORD00476,2025-10-20,CUST0026,Customer 0026,Male,25,Bhubaneswar,Odisha,East,Electronics,Laptops,Laptop,2,52000.0,0.1,79560.0,78000.0,-5460.0,Cash on Delivery,Returned
ORD00976,2025-10-21,CUST0053,Customer 0053,Female,27,Coimbatore,Tamil Nadu,South,Sports,Fitness,Yoga Mat,1,1200.0,0.2,960.0,550.0,410.0,Cash on Delivery,Delivered
ORD00577,2025-10-21,CUST0430,Customer 0430,Female,55,Lucknow,Uttar Pradesh,North,Fashion,Footwear,Running Shoes,1,3200.0,0.05,2584.0,1750.0,-451.5,UPI,Returned
ORD00656,2025-10-21,CUST0440,Customer 0440,Female,20,Pune,Maharashtra,West,Books,Education,Data Analytics Book,1,850.0,0.0,722.5,420.0,-150.5,Debit Card,Returned
ORD00298,2025-10-21,CUST0117,Customer 0117,Male,31,Bengaluru,Karnataka,South,Sports,Fitness,Yoga Mat,1,1200.0,0.0,1200.0,550.0,650.0,Cash on Delivery,Delivered
ORD00196,2025-10-21,CUST0308,Customer 0308,Female,59,Coimbatore,Tamil Nadu,South,Fashion,Accessories,Backpack,1,1800.0,0.0,1800.0,950.0,850.0,Cash on Delivery,Delivered
ORD01303,2025-10-21,CUST0102,Customer 0102,Male,54,Hyderabad,Telangana,South,Beauty,Personal Care,Hair Dryer,1,2400.0,0.0,2400.0,1350.0,1050.0,Cash on Delivery,Delivered
ORD01392,2025-10-22,CUST0216,Customer 0216,Female,45,Bengaluru,Karnataka,South,Books,Education,Python Programming Book,1,1100.0,0.05,1045.0,520.0,525.0,Net Banking,Delivered
ORD00132,2025-10-23,CUST0295,Customer 0295,Female,52,Jaipur,Rajasthan,North,Fashion,Footwear,Running Shoes,1,3200.0,0.2,2560.0,1750.0,810.0,Credit Card,Delivered
ORD00556,2025-10-23,CUST0012,Customer 0012,Male,59,Madurai,Tamil Nadu,South,Fashion,Footwear,Running Shoes,1,3200.0,0.2,2560.0,1750.0,810.0,Debit Card,Delivered
ORD01309,2025-10-23,CUST0146,Customer 0146,Female,47,Jaipur,Rajasthan,North,Fashion,Accessories,Backpack,1,1800.0,0.1,1620.0,950.0,670.0,Credit Card,Delivered
ORD00627,2025-10-23,CUST0206,Customer 0206,Female,22,Mumbai,Maharashtra,West,Home & Kitchen,Furniture,Office Chair,2,8500.0,0.0,17000.0,11400.0,5600.0,UPI,Delivered
ORD00111,2025-10-23,CUST0302,Customer 0302,Male,38,Delhi,Delhi,North,Beauty,Personal Care,Hair Dryer,2,2400.0,0.2,3840.0,2700.0,1140.0,Credit Card,Delivered
ORD00135,2025-10-23,CUST0104,Customer 0104,Female,42,Delhi,Delhi,North,Fashion,Men,Casual Shirt,2,1400.0,0.05,2660.0,1400.0,1260.0,Debit Card,Delivered
ORD01366,2025-10-24,CUST0411,Customer 0411,Female,27,Pune,Maharashtra,West,Home & Kitchen,Appliances,Mixer Grinder,1,3200.0,0.1,2880.0,2100.0,780.0,Credit Card,Delivered
ORD00814,2025-10-24,CUST0406,Customer 0406,Female,28,Kolkata,West Bengal,East,Beauty,Skincare,Face Serum,1,900.0,0.0,900.0,420.0,480.0,Credit Card,Delivered
ORD01414,2025-10-24,CUST0013,Customer 0013,Female,29,Coimbatore,Tamil Nadu,South,Beauty,Personal Care,Hair Dryer,2,2400.0,0.0,0.0,2700.0,0.0,Credit Card,Cancelled
ORD00897,2025-10-24,CUST0026,Customer 0026,Male,56,Hyderabad,Telangana,South,Electronics,Laptops,Laptop,2,52000.0,0.2,83200.0,78000.0,5200.0,Debit Card,Delivered
ORD01123,2025-10-24,CUST0183,Customer 0183,Male,36,Delhi,Delhi,North,Books,Education,Data Analytics Book,3,850.0,0.0,2167.5,1260.0,-451.5,Debit Card,Returned
ORD01439,2025-10-25,CUST0003,Customer 0003,Female,44,Bhubaneswar,Odisha,East,Books,Education,Python Programming Book,1,1100.0,0.15,935.0,520.0,415.0,Credit Card,Delivered
ORD01080,2025-10-25,CUST0235,Customer 0235,Male,19,Bengaluru,Karnataka,South,Fashion,Men,Casual Shirt,2,1400.0,0.15,2380.0,1400.0,980.0,Credit Card,Delivered
ORD00676,2025-10-25,CUST0177,Customer 0177,Female,20,Coimbatore,Tamil Nadu,South,Electronics,Accessories,Wireless Earbuds,1,2500.0,0.05,2375.0,1450.0,925.0,Debit Card,Delivered
ORD00558,2025-10-25,CUST0374,Customer 0374,Female,54,Bhubaneswar,Odisha,East,Fashion,Women,Kurti,1,1600.0,0.1,1440.0,800.0,640.0,Net Banking,Delivered
ORD01036,2025-10-25,CUST0258,Customer 0258,Male,37,Pune,Maharashtra,West,Home & Kitchen,Kitchen,Cookware Set,2,2800.0,0.05,5320.0,3300.0,2020.0,Credit Card,Delivered
ORD00759,2025-10-27,CUST0358,Customer 0358,Male,51,Lucknow,Uttar Pradesh,North,Sports,Fitness,Dumbbells,2,2600.0,0.0,4420.0,2900.0,-805.0,Cash on Delivery,Returned
ORD01333,2025-10-27,CUST0496,Customer 0496,Male,25,Delhi,Delhi,North,Fashion,Footwear,Running Shoes,2,3200.0,0.05,6080.0,3500.0,2580.0,Net Banking,Delivered
ORD00094,2025-10-27,CUST0275,Customer 0275,Female,50,Ahmedabad,Gujarat,West,Beauty,Skincare,Face Serum,1,900.0,0.2,720.0,420.0,300.0,Cash on Delivery,Delivered
ORD00723,2025-10-27,CUST0034,Customer 0034,Female,22,Bengaluru,Karnataka,South,Beauty,Skincare,Face Serum,1,900.0,0.0,900.0,420.0,480.0,Credit Card,Delivered
ORD00799,2025-10-27,CUST0473,Customer 0473,Female,54,Jaipur,Rajasthan,North,Fashion,Women,Kurti,1,1600.0,0.2,0.0,800.0,0.0,Debit Card,Cancelled
ORD01142,2025-10-27,CUST0115,Customer 0115,Male,40,Kolkata,West Bengal,East,Electronics,Mobiles,Smartphone,2,18000.0,0.2,0.0,25000.0,0.0,Credit Card,Cancelled
ORD01165,2025-10-27,CUST0192,Customer 0192,Female,46,Mumbai,Maharashtra,West,Electronics,Mobiles,Smartphone,1,18000.0,0.05,17100.0,12500.0,4600.0,Credit Card,Delivered
ORD01043,2025-10-28,CUST0033,Customer 0033,Male,29,Lucknow,Uttar Pradesh,North,Books,Education,Data Analytics Book,1,850.0,0.1,765.0,420.0,345.0,UPI,Delivered
ORD01182,2025-10-28,CUST0401,Customer 0401,Female,18,Ahmedabad,Gujarat,West,Beauty,Skincare,Face Serum,1,900.0,0.1,810.0,420.0,390.0,Debit Card,Delivered
ORD00290,2025-10-29,CUST0375,Customer 0375,Male,38,Delhi,Delhi,North,Fashion,Accessories,Backpack,1,1800.0,0.2,1440.0,950.0,490.0,Net Banking,Delivered
ORD00866,2025-10-29,CUST0348,Customer 0348,Female,51,Madurai,Tamil Nadu,South,Books,Education,Data Analytics Book,1,850.0,0.05,807.5,420.0,387.5,Cash on Delivery,Delivered
ORD01373,2025-10-29,CUST0120,Customer 0120,Female,55,Chennai,Tamil Nadu,South,Home & Kitchen,Kitchen,Cookware Set,1,2800.0,0.1,2520.0,1650.0,870.0,Net Banking,Delivered
ORD00516,2025-10-29,CUST0389,Customer 0389,Female,60,Jaipur,Rajasthan,North,Beauty,Personal Care,Hair Dryer,1,2400.0,0.1,2160.0,1350.0,810.0,Cash on Delivery,Delivered
ORD01008,2025-10-29,CUST0237,Customer 0237,Male,38,Jaipur,Rajasthan,North,Fashion,Accessories,Backpack,1,1800.0,0.1,1620.0,950.0,670.0,Credit Card,Delivered
ORD00485,2025-10-29,CUST0266,Customer 0266,Female,41,Pune,Maharashtra,West,Fashion,Footwear,Running Shoes,2,3200.0,0.0,5440.0,3500.0,-1015.0,Debit Card,Returned
ORD00379,2025-10-29,CUST0006,Customer 0006,Male,25,Patna,Bihar,East,Fashion,Women,Kurti,1,1600.0,0.0,1360.0,800.0,-280.0,Cash on Delivery,Returned
ORD00837,2025-10-29,CUST0479,Customer 0479,Male,59,Mumbai,Maharashtra,West,Home & Kitchen,Furniture,Office Chair,2,8500.0,0.05,16150.0,11400.0,4750.0,UPI,Delivered
ORD01381,2025-10-30,CUST0310,Customer 0310,Female,31,Bhubaneswar,Odisha,East,Electronics,Laptops,Laptop,2,52000.0,0.2,83200.0,78000.0,5200.0,Cash on Delivery,Delivered
ORD01166,2025-10-30,CUST0009,Customer 0009,Female,32,Mumbai,Maharashtra,West,Electronics,Mobiles,Smartphone,1,18000.0,0.05,17100.0,12500.0,4600.0,Cash on Delivery,Delivered
ORD00393,2025-10-30,CUST0405,Customer 0405,Female,21,Kolkata,West Bengal,East,Home & Kitchen,Furniture,Office Chair,2,8500.0,0.15,14450.0,11400.0,3050.0,Credit Card,Delivered
ORD01069,2025-10-30,CUST0321,Customer 0321,Male,22,Coimbatore,Tamil Nadu,South,Beauty,Skincare,Face Serum,1,900.0,0.05,726.75,420.0,-152.25,Credit Card,Returned
ORD01147,2025-10-31,CUST0218,Customer 0218,Male,50,Jaipur,Rajasthan,North,Fashion,Footwear,Running Shoes,1,3200.0,0.0,0.0,1750.0,0.0,Cash on Delivery,Cancelled
ORD01300,2025-10-31,CUST0238,Customer 0238,Male,33,Jaipur,Rajasthan,North,Fashion,Men,Casual Shirt,2,1400.0,0.1,2520.0,1400.0,1120.0,Net Banking,Delivered
ORD01253,2025-10-31,CUST0202,Customer 0202,Female,59,Lucknow,Uttar Pradesh,North,Books,Education,Python Programming Book,1,1100.0,0.1,990.0,520.0,470.0,Net Banking,Delivered
ORD01130,2025-10-31,CUST0239,Customer 0239,Female,38,Bhubaneswar,Odisha,East,Fashion,Accessories,Backpack,1,1800.0,0.1,1620.0,950.0,670.0,Credit Card,Delivered
ORD01398,2025-10-31,CUST0085,Customer 0085,Male,36,Coimbatore,Tamil Nadu,South,Home & Kitchen,Kitchen,Cookware Set,1,2800.0,0.1,2520.0,1650.0,870.0,Debit Card,Delivered
ORD00467,2025-10-31,CUST0462,Customer 0462,Female,49,Lucknow,Uttar Pradesh,North,Fashion,Footwear,Running Shoes,1,3200.0,0.0,0.0,1750.0,0.0,Cash on Delivery,Cancelled
ORD01467,2025-10-31,CUST0224,Customer 0224,Female,45,Coimbatore,Tamil Nadu,South,Beauty,Personal Care,Hair Dryer,2,2400.0,0.15,4080.0,2700.0,1380.0,UPI,Delivered
ORD00652,2025-11-01,CUST0474,Customer 0474,Female,26,Chennai,Tamil Nadu,South,Electronics,Accessories,Smart Watch,2,4500.0,0.0,9000.0,5400.0,3600.0,Debit Card,Delivered
ORD00315,2025-11-01,CUST0059,Customer 0059,Male,58,Ahmedabad,Gujarat,West,Home & Kitchen,Appliances,Mixer Grinder,1,3200.0,0.0,3200.0,2100.0,1100.0,Net Banking,Delivered
ORD00557,2025-11-01,CUST0084,Customer 0084,Female,45,Chennai,Tamil Nadu,South,Electronics,Laptops,Laptop,2,52000.0,0.1,79560.0,78000.0,-5460.0,UPI,Returned
ORD00333,2025-11-01,CUST0379,Customer 0379,Male,20,Hyderabad,Telangana,South,Home & Kitchen,Appliances,Mixer Grinder,1,3200.0,0.0,3200.0,2100.0,1100.0,Credit Card,Delivered
ORD00828,2025-11-01,CUST0060,Customer 0060,Male,33,Jaipur,Rajasthan,North,Books,Education,Python Programming Book,1,1100.0,0.05,1045.0,520.0,525.0,Debit Card,Delivered
ORD01127,2025-11-02,CUST0374,Customer 0374,Female,25,Mumbai,Maharashtra,West,Books,Education,Data Analytics Book,1,850.0,0.0,850.0,420.0,430.0,Net Banking,Delivered
ORD01329,2025-11-02,CUST0040,Customer 0040,Female,53,Bhubaneswar,Odisha,East,Sports,Fitness,Yoga Mat,2,1200.0,0.0,2400.0,1100.0,1300.0,Debit Card,Delivered
ORD01489,2025-11-02,CUST0050,Customer 0050,Male,58,Pune,Maharashtra,West,Home & Kitchen,Furniture,Office Chair,2,8500.0,0.2,0.0,11400.0,0.0,Net Banking,Cancelled
ORD00358,2025-11-03,CUST0179,Customer 0179,Male,34,Coimbatore,Tamil Nadu,South,Sports,Fitness,Yoga Mat,1,1200.0,0.2,960.0,550.0,410.0,Credit Card,Delivered
ORD00321,2025-11-03,CUST0051,Customer 0051,Female,26,Jaipur,Rajasthan,North,Electronics,Laptops,Laptop,1,52000.0,0.0,52000.0,39000.0,13000.0,UPI,Delivered
ORD01200,2025-11-03,CUST0188,Customer 0188,Male,30,Kolkata,West Bengal,East,Fashion,Accessories,Backpack,1,1800.0,0.0,1800.0,950.0,850.0,Debit Card,Delivered
ORD00585,2025-11-04,CUST0418,Customer 0418,Female,34,Coimbatore,Tamil Nadu,South,Home & Kitchen,Appliances,Air Fryer,1,6500.0,0.0,6500.0,4200.0,2300.0,Cash on Delivery,Delivered
ORD00025,2025-11-04,CUST0338,Customer 0338,Female,18,Bengaluru,Karnataka,South,Home & Kitchen,Furniture,Office Chair,3,8500.0,0.05,0.0,17100.0,0.0,Debit Card,Cancelled
ORD00340,2025-11-04,CUST0228,Customer 0228,Female,28,Kolkata,West Bengal,East,Fashion,Accessories,Backpack,2,1800.0,0.1,3240.0,1900.0,1340.0,UPI,Delivered
ORD01009,2025-11-04,CUST0292,Customer 0292,Female,34,Pune,Maharashtra,West,Electronics,Accessories,Smart Watch,1,4500.0,0.1,4050.0,2700.0,1350.0,Net Banking,Delivered
ORD00043,2025-11-04,CUST0158,Customer 0158,Male,34,Pune,Maharashtra,West,Home & Kitchen,Kitchen,Cookware Set,1,2800.0,0.2,2240.0,1650.0,590.0,Debit Card,Delivered
ORD00700,2025-11-05,CUST0194,Customer 0194,Female,43,Patna,Bihar,East,Fashion,Accessories,Backpack,1,1800.0,0.15,1530.0,950.0,580.0,Cash on Delivery,Delivered
ORD00446,2025-11-05,CUST0025,Customer 0025,Male,20,Chennai,Tamil Nadu,South,Home & Kitchen,Furniture,Office Chair,2,8500.0,0.1,15300.0,11400.0,3900.0,Net Banking,Delivered
ORD01117,2025-11-06,CUST0085,Customer 0085,Male,56,Pune,Maharashtra,West,Fashion,Men,Casual Shirt,1,1400.0,0.05,1330.0,700.0,630.0,UPI,Delivered
ORD00338,2025-11-06,CUST0246,Customer 0246,Male,56,Coimbatore,Tamil Nadu,South,Fashion,Footwear,Running Shoes,1,3200.0,0.15,2720.0,1750.0,970.0,Cash on Delivery,Delivered
ORD00212,2025-11-06,CUST0047,Customer 0047,Male,30,Bengaluru,Karnataka,South,Home & Kitchen,Furniture,Office Chair,1,8500.0,0.0,8500.0,5700.0,2800.0,Net Banking,Delivered
ORD00770,2025-11-07,CUST0166,Customer 0166,Female,55,Ahmedabad,Gujarat,West,Sports,Fitness,Dumbbells,1,2600.0,0.15,2210.0,1450.0,760.0,UPI,Delivered
ORD00436,2025-11-07,CUST0036,Customer 0036,Female,59,Hyderabad,Telangana,South,Beauty,Skincare,Face Serum,1,900.0,0.15,765.0,420.0,345.0,UPI,Delivered
ORD01292,2025-11-08,CUST0269,Customer 0269,Female,42,Pune,Maharashtra,West,Home & Kitchen,Appliances,Mixer Grinder,1,3200.0,0.1,2880.0,2100.0,780.0,Net Banking,Delivered
ORD00728,2025-11-08,CUST0182,Customer 0182,Male,45,Lucknow,Uttar Pradesh,North,Sports,Fitness,Dumbbells,3,2600.0,0.0,6630.0,4350.0,-1207.5,Net Banking,Returned
ORD01126,2025-11-08,CUST0253,Customer 0253,Male,27,Bhubaneswar,Odisha,East,Fashion,Women,Kurti,4,1600.0,0.1,5760.0,3200.0,2560.0,Cash on Delivery,Delivered
ORD01491,2025-11-08,CUST0202,Customer 0202,Female,35,Mumbai,Maharashtra,West,Electronics,Laptops,Laptop,1,52000.0,0.0,52000.0,39000.0,13000.0,Debit Card,Delivered
ORD00501,2025-11-09,CUST0044,Customer 0044,Male,28,Hyderabad,Telangana,South,Electronics,Mobiles,Smartphone,1,18000.0,0.15,15300.0,12500.0,2800.0,Credit Card,Delivered
ORD00039,2025-11-09,CUST0400,Customer 0400,Female,29,Kolkata,West Bengal,East,Home & Kitchen,Furniture,Office Chair,1,8500.0,0.0,7225.0,5700.0,-980.0,Debit Card,Returned
ORD00671,2025-11-09,CUST0472,Customer 0472,Male,21,Ahmedabad,Gujarat,West,Home & Kitchen,Appliances,Mixer Grinder,1,3200.0,0.05,2584.0,2100.0,-329.0,UPI,Returned
ORD01354,2025-11-09,CUST0461,Customer 0461,Male,42,Jaipur,Rajasthan,North,Books,Education,Python Programming Book,1,1100.0,0.0,1100.0,520.0,580.0,Cash on Delivery,Delivered
ORD00942,2025-11-09,CUST0201,Customer 0201,Female,48,Hyderabad,Telangana,South,Books,Education,Python Programming Book,2,1100.0,0.1,1683.0,1040.0,-329.0,Credit Card,Returned
ORD01334,2025-11-09,CUST0268,Customer 0268,Male,20,Jaipur,Rajasthan,North,Home & Kitchen,Kitchen,Cookware Set,1,2800.0,0.0,2800.0,1650.0,1150.0,Cash on Delivery,Delivered
ORD00121,2025-11-09,CUST0255,Customer 0255,Male,25,Ahmedabad,Gujarat,West,Electronics,Mobiles,Smartphone,1,18000.0,0.0,18000.0,12500.0,5500.0,UPI,Delivered
ORD01293,2025-11-10,CUST0487,Customer 0487,Male,28,Kolkata,West Bengal,East,Sports,Fitness,Dumbbells,1,2600.0,0.05,2470.0,1450.0,1020.0,UPI,Delivered
ORD00540,2025-11-10,CUST0334,Customer 0334,Male,51,Patna,Bihar,East,Fashion,Women,Kurti,1,1600.0,0.15,1360.0,800.0,560.0,Credit Card,Delivered
ORD00181,2025-11-10,CUST0297,Customer 0297,Female,59,Bengaluru,Karnataka,South,Sports,Fitness,Dumbbells,2,2600.0,0.05,0.0,2900.0,0.0,Debit Card,Cancelled
ORD00954,2025-11-10,CUST0077,Customer 0077,Female,45,Bhubaneswar,Odisha,East,Home & Kitchen,Furniture,Office Chair,1,8500.0,0.2,6800.0,5700.0,1100.0,Net Banking,Delivered
ORD00785,2025-11-10,CUST0022,Customer 0022,Female,60,Delhi,Delhi,North,Sports,Fitness,Dumbbells,1,2600.0,0.0,2600.0,1450.0,1150.0,Net Banking,Delivered
ORD00003,2025-11-10,CUST0475,Customer 0475,Male,59,Kolkata,West Bengal,East,Electronics,Mobiles,Smartphone,1,18000.0,0.05,17100.0,12500.0,4600.0,Cash on Delivery,Delivered
ORD00159,2025-11-10,CUST0394,Customer 0394,Female,60,Lucknow,Uttar Pradesh,North,Beauty,Skincare,Face Serum,1,900.0,0.15,765.0,420.0,345.0,Net Banking,Delivered
ORD01419,2025-11-10,CUST0164,Customer 0164,Female,51,Bengaluru,Karnataka,South,Home & Kitchen,Appliances,Air Fryer,1,6500.0,0.0,6500.0,4200.0,2300.0,Credit Card,Delivered
ORD00020,2025-11-11,CUST0180,Customer 0180,Male,29,Ahmedabad,Gujarat,West,Sports,Fitness,Yoga Mat,1,1200.0,0.1,1080.0,550.0,530.0,Credit Card,Delivered
ORD01219,2025-11-11,CUST0141,Customer 0141,Female,59,Jaipur,Rajasthan,North,Fashion,Footwear,Running Shoes,2,3200.0,0.2,0.0,3500.0,0.0,UPI,Cancelled
ORD00486,2025-11-12,CUST0223,Customer 0223,Male,59,Kolkata,West Bengal,East,Sports,Fitness,Dumbbells,1,2600.0,0.0,0.0,1450.0,0.0,UPI,Cancelled
ORD00359,2025-11-12,CUST0175,Customer 0175,Male,38,Pune,Maharashtra,West,Electronics,Mobiles,Smartphone,1,18000.0,0.1,16200.0,12500.0,3700.0,Net Banking,Delivered
ORD00273,2025-11-12,CUST0152,Customer 0152,Male,53,Mumbai,Maharashtra,West,Beauty,Personal Care,Hair Dryer,1,2400.0,0.05,2280.0,1350.0,930.0,Net Banking,Delivered
ORD01071,2025-11-12,CUST0211,Customer 0211,Female,39,Delhi,Delhi,North,Fashion,Accessories,Backpack,1,1800.0,0.05,0.0,950.0,0.0,Net Banking,Cancelled
ORD00566,2025-11-13,CUST0401,Customer 0401,Male,51,Bhubaneswar,Odisha,East,Beauty,Personal Care,Hair Dryer,1,2400.0,0.0,2400.0,1350.0,1050.0,Net Banking,Delivered
ORD01240,2025-11-13,CUST0081,Customer 0081,Female,30,Bengaluru,Karnataka,South,Fashion,Men,Casual Shirt,1,1400.0,0.1,1071.0,700.0,-196.0,Cash on Delivery,Returned
ORD00064,2025-11-13,CUST0461,Customer 0461,Female,42,Kolkata,West Bengal,East,Home & Kitchen,Kitchen,Cookware Set,2,2800.0,0.1,5040.0,3300.0,1740.0,UPI,Delivered
ORD00979,2025-11-13,CUST0442,Customer 0442,Female,47,Bhubaneswar,Odisha,East,Beauty,Skincare,Face Serum,1,900.0,0.15,765.0,420.0,345.0,UPI,Delivered
ORD00630,2025-11-14,CUST0015,Customer 0015,Male,52,Mumbai,Maharashtra,West,Sports,Fitness,Yoga Mat,2,1200.0,0.2,1920.0,1100.0,820.0,UPI,Delivered
ORD01262,2025-11-14,CUST0074,Customer 0074,Male,32,Ahmedabad,Gujarat,West,Fashion,Accessories,Backpack,3,1800.0,0.1,4860.0,2850.0,2010.0,Cash on Delivery,Delivered
ORD00886,2025-11-14,CUST0473,Customer 0473,Male,20,Pune,Maharashtra,West,Books,Education,Data Analytics Book,1,850.0,0.1,650.25,420.0,-120.75,Debit Card,Returned
ORD00478,2025-11-14,CUST0239,Customer 0239,Female,44,Pune,Maharashtra,West,Sports,Fitness,Dumbbells,1,2600.0,0.1,2340.0,1450.0,890.0,Net Banking,Delivered
ORD01338,2025-11-14,CUST0437,Customer 0437,Male,26,Mumbai,Maharashtra,West,Fashion,Accessories,Backpack,4,1800.0,0.0,7200.0,3800.0,3400.0,Cash on Delivery,Delivered
ORD01359,2025-11-14,CUST0464,Customer 0464,Female,25,Jaipur,Rajasthan,North,Sports,Fitness,Dumbbells,1,2600.0,0.05,2470.0,1450.0,1020.0,Debit Card,Delivered
ORD00548,2025-11-15,CUST0453,Customer 0453,Female,53,Pune,Maharashtra,West,Home & Kitchen,Appliances,Air Fryer,1,6500.0,0.05,6175.0,4200.0,1975.0,Net Banking,Delivered
ORD00173,2025-11-15,CUST0344,Customer 0344,Female,28,Mumbai,Maharashtra,West,Sports,Fitness,Dumbbells,1,2600.0,0.05,2470.0,1450.0,1020.0,Net Banking,Delivered
ORD00415,2025-11-15,CUST0062,Customer 0062,Male,27,Mumbai,Maharashtra,West,Books,Education,Python Programming Book,1,1100.0,0.2,880.0,520.0,360.0,UPI,Delivered
ORD01279,2025-11-15,CUST0308,Customer 0308,Female,44,Ahmedabad,Gujarat,West,Fashion,Footwear,Running Shoes,1,3200.0,0.1,2880.0,1750.0,1130.0,Credit Card,Delivered
ORD00452,2025-11-16,CUST0060,Customer 0060,Female,28,Mumbai,Maharashtra,West,Beauty,Personal Care,Hair Dryer,1,2400.0,0.1,2160.0,1350.0,810.0,Credit Card,Delivered
ORD00217,2025-11-16,CUST0042,Customer 0042,Female,56,Bhubaneswar,Odisha,East,Electronics,Laptops,Laptop,1,52000.0,0.1,46800.0,39000.0,7800.0,UPI,Delivered
ORD01203,2025-11-16,CUST0067,Customer 0067,Male,36,Bhubaneswar,Odisha,East,Fashion,Accessories,Backpack,1,1800.0,0.15,1530.0,950.0,580.0,Credit Card,Delivered
ORD00376,2025-11-17,CUST0188,Customer 0188,Male,48,Kolkata,West Bengal,East,Fashion,Footwear,Running Shoes,1,3200.0,0.2,2176.0,1750.0,-283.5,UPI,Returned
ORD01377,2025-11-17,CUST0187,Customer 0187,Female,25,Chennai,Tamil Nadu,South,Fashion,Accessories,Backpack,1,1800.0,0.1,1620.0,950.0,670.0,Net Banking,Delivered
ORD00403,2025-11-17,CUST0489,Customer 0489,Male,41,Mumbai,Maharashtra,West,Books,Education,Data Analytics Book,2,850.0,0.0,1700.0,840.0,860.0,Credit Card,Delivered
ORD01287,2025-11-17,CUST0200,Customer 0200,Female,20,Pune,Maharashtra,West,Home & Kitchen,Furniture,Office Chair,1,8500.0,0.0,0.0,5700.0,0.0,Net Banking,Cancelled
ORD00702,2025-11-17,CUST0392,Customer 0392,Female,22,Jaipur,Rajasthan,North,Sports,Fitness,Dumbbells,1,2600.0,0.05,2470.0,1450.0,1020.0,Credit Card,Delivered
ORD01403,2025-11-17,CUST0072,Customer 0072,Male,52,Chennai,Tamil Nadu,South,Books,Education,Python Programming Book,1,1100.0,0.1,990.0,520.0,470.0,Cash on Delivery,Delivered
ORD00429,2025-11-17,CUST0494,Customer 0494,Female,34,Jaipur,Rajasthan,North,Home & Kitchen,Appliances,Air Fryer,1,6500.0,0.2,5200.0,4200.0,1000.0,UPI,Delivered
ORD00617,2025-11-18,CUST0225,Customer 0225,Female,36,Lucknow,Uttar Pradesh,North,Beauty,Personal Care,Hair Dryer,3,2400.0,0.0,7200.0,4050.0,3150.0,Credit Card,Delivered
ORD01406,2025-11-18,CUST0300,Customer 0300,Female,51,Bhubaneswar,Odisha,East,Fashion,Men,Casual Shirt,2,1400.0,0.05,2660.0,1400.0,1260.0,Cash on Delivery,Delivered
ORD01339,2025-11-18,CUST0181,Customer 0181,Female,56,Pune,Maharashtra,West,Fashion,Men,Casual Shirt,1,1400.0,0.15,1011.5,700.0,-171.5,Debit Card,Returned
ORD00776,2025-11-18,CUST0087,Customer 0087,Female,59,Lucknow,Uttar Pradesh,North,Beauty,Personal Care,Hair Dryer,2,2400.0,0.15,4080.0,2700.0,1380.0,Cash on Delivery,Delivered
ORD01012,2025-11-18,CUST0137,Customer 0137,Male,28,Kolkata,West Bengal,East,Electronics,Accessories,Smart Watch,1,4500.0,0.05,4275.0,2700.0,1575.0,Net Banking,Delivered
ORD01324,2025-11-18,CUST0387,Customer 0387,Male,41,Jaipur,Rajasthan,North,Home & Kitchen,Furniture,Office Chair,1,8500.0,0.05,8075.0,5700.0,2375.0,UPI,Delivered
ORD01387,2025-11-18,CUST0443,Customer 0443,Female,38,Delhi,Delhi,North,Beauty,Personal Care,Hair Dryer,1,2400.0,0.0,2040.0,1350.0,-367.5,Cash on Delivery,Returned
ORD01050,2025-11-19,CUST0445,Customer 0445,Male,44,Hyderabad,Telangana,South,Beauty,Personal Care,Hair Dryer,1,2400.0,0.05,2280.0,1350.0,930.0,Credit Card,Delivered
ORD00651,2025-11-19,CUST0296,Customer 0296,Female,39,Coimbatore,Tamil Nadu,South,Electronics,Accessories,Smart Watch,2,4500.0,0.05,0.0,5400.0,0.0,Credit Card,Cancelled
ORD00913,2025-11-19,CUST0116,Customer 0116,Female,27,Lucknow,Uttar Pradesh,North,Home & Kitchen,Appliances,Air Fryer,1,6500.0,0.05,6175.0,4200.0,1975.0,UPI,Delivered
ORD00110,2025-11-20,CUST0106,Customer 0106,Male,45,Kolkata,West Bengal,East,Electronics,Accessories,Smart Watch,2,4500.0,0.0,0.0,5400.0,0.0,Credit Card,Cancelled
ORD00718,2025-11-20,CUST0382,Customer 0382,Male,48,Lucknow,Uttar Pradesh,North,Fashion,Men,Casual Shirt,1,1400.0,0.0,0.0,700.0,0.0,Debit Card,Cancelled
ORD01115,2025-11-20,CUST0228,Customer 0228,Female,43,Ahmedabad,Gujarat,West,Fashion,Footwear,Running Shoes,3,3200.0,0.2,7680.0,5250.0,2430.0,Net Banking,Delivered
ORD00319,2025-11-20,CUST0485,Customer 0485,Male,45,Coimbatore,Tamil Nadu,South,Electronics,Laptops,Laptop,1,52000.0,0.05,49400.0,39000.0,10400.0,Cash on Delivery,Delivered
ORD00390,2025-11-20,CUST0365,Customer 0365,Female,40,Hyderabad,Telangana,South,Books,Education,Python Programming Book,2,1100.0,0.2,1760.0,1040.0,720.0,Credit Card,Delivered
ORD00269,2025-11-21,CUST0259,Customer 0259,Male,60,Jaipur,Rajasthan,North,Sports,Fitness,Dumbbells,1,2600.0,0.05,2470.0,1450.0,1020.0,UPI,Delivered
ORD01264,2025-11-21,CUST0435,Customer 0435,Female,28,Madurai,Tamil Nadu,South,Fashion,Accessories,Backpack,1,1800.0,0.15,1530.0,950.0,580.0,Debit Card,Delivered
ORD01421,2025-11-21,CUST0422,Customer 0422,Female,24,Kolkata,West Bengal,East,Electronics,Accessories,Wireless Earbuds,2,2500.0,0.05,4037.5,2900.0,-647.5,Debit Card,Returned
ORD01020,2025-11-21,CUST0051,Customer 0051,Male,21,Ahmedabad,Gujarat,West,Sports,Fitness,Yoga Mat,1,1200.0,0.1,1080.0,550.0,530.0,UPI,Delivered
ORD00970,2025-11-21,CUST0009,Customer 0009,Female,47,Chennai,Tamil Nadu,South,Home & Kitchen,Kitchen,Cookware Set,1,2800.0,0.2,0.0,1650.0,0.0,Credit Card,Cancelled
ORD00943,2025-11-22,CUST0145,Customer 0145,Male,23,Pune,Maharashtra,West,Electronics,Accessories,Smart Watch,1,4500.0,0.0,0.0,2700.0,0.0,Net Banking,Cancelled
ORD00889,2025-11-22,CUST0484,Customer 0484,Male,34,Lucknow,Uttar Pradesh,North,Home & Kitchen,Appliances,Air Fryer,3,6500.0,0.1,17550.0,12600.0,4950.0,Cash on Delivery,Delivered
ORD01276,2025-11-22,CUST0417,Customer 0417,Female,50,Mumbai,Maharashtra,West,Home & Kitchen,Appliances,Mixer Grinder,2,3200.0,0.2,5120.0,4200.0,920.0,Net Banking,Delivered
ORD01108,2025-11-22,CUST0476,Customer 0476,Male,40,Kolkata,West Bengal,East,Electronics,Mobiles,Smartphone,1,18000.0,0.1,13770.0,12500.0,-1295.0,Cash on Delivery,Returned
ORD00062,2025-11-23,CUST0252,Customer 0252,Male,36,Chennai,Tamil Nadu,South,Books,Education,Data Analytics Book,4,850.0,0.15,2456.5,1680.0,-423.5,Net Banking,Returned
ORD00877,2025-11-23,CUST0167,Customer 0167,Male,39,Madurai,Tamil Nadu,South,Sports,Fitness,Yoga Mat,1,1200.0,0.1,1080.0,550.0,530.0,UPI,Delivered
ORD01090,2025-11-23,CUST0375,Customer 0375,Male,34,Mumbai,Maharashtra,West,Electronics,Mobiles,Smartphone,2,18000.0,0.0,36000.0,25000.0,11000.0,Cash on Delivery,Delivered
ORD01002,2025-11-24,CUST0069,Customer 0069,Female,23,Chennai,Tamil Nadu,South,Sports,Fitness,Dumbbells,3,2600.0,0.1,7020.0,4350.0,2670.0,UPI,Delivered
ORD01183,2025-11-24,CUST0379,Customer 0379,Male,27,Jaipur,Rajasthan,North,Fashion,Women,Kurti,1,1600.0,0.05,0.0,800.0,0.0,Cash on Delivery,Cancelled
ORD00411,2025-11-24,CUST0114,Customer 0114,Female,36,Delhi,Delhi,North,Home & Kitchen,Appliances,Mixer Grinder,1,3200.0,0.1,2880.0,2100.0,780.0,Debit Card,Delivered
ORD00412,2025-11-24,CUST0053,Customer 0053,Male,22,Coimbatore,Tamil Nadu,South,Sports,Fitness,Dumbbells,1,2600.0,0.1,1989.0,1450.0,-311.5,Debit Card,Returned
ORD00180,2025-11-24,CUST0111,Customer 0111,Male,24,Kolkata,West Bengal,East,Home & Kitchen,Kitchen,Cookware Set,2,2800.0,0.15,4046.0,3300.0,-511.0,Debit Card,Returned
ORD01372,2025-11-25,CUST0048,Customer 0048,Male,28,Lucknow,Uttar Pradesh,North,Beauty,Personal Care,Hair Dryer,3,2400.0,0.05,6840.0,4050.0,2790.0,Cash on Delivery,Delivered
ORD00994,2025-11-25,CUST0387,Customer 0387,Female,31,Pune,Maharashtra,West,Fashion,Women,Kurti,2,1600.0,0.05,3040.0,1600.0,1440.0,Credit Card,Delivered
ORD00706,2025-11-26,CUST0178,Customer 0178,Male,59,Hyderabad,Telangana,South,Fashion,Footwear,Running Shoes,2,3200.0,0.05,5168.0,3500.0,-903.0,Cash on Delivery,Returned
ORD00150,2025-11-26,CUST0241,Customer 0241,Female,20,Madurai,Tamil Nadu,South,Beauty,Skincare,Face Serum,1,900.0,0.05,855.0,420.0,435.0,Net Banking,Delivered
ORD01122,2025-11-26,CUST0272,Customer 0272,Male,36,Bengaluru,Karnataka,South,Electronics,Accessories,Wireless Earbuds,2,2500.0,0.0,4250.0,2900.0,-735.0,Credit Card,Returned
ORD00885,2025-11-27,CUST0054,Customer 0054,Female,51,Coimbatore,Tamil Nadu,South,Electronics,Laptops,Laptop,1,52000.0,0.05,49400.0,39000.0,10400.0,Credit Card,Delivered
ORD00374,2025-11-27,CUST0017,Customer 0017,Male,43,Ahmedabad,Gujarat,West,Books,Education,Python Programming Book,3,1100.0,0.0,3300.0,1560.0,1740.0,Cash on Delivery,Delivered
ORD00520,2025-11-28,CUST0448,Customer 0448,Male,45,Kolkata,West Bengal,East,Fashion,Accessories,Backpack,2,1800.0,0.15,0.0,1900.0,0.0,Credit Card,Cancelled
ORD00191,2025-11-28,CUST0264,Customer 0264,Male,29,Bhubaneswar,Odisha,East,Fashion,Women,Kurti,2,1600.0,0.05,3040.0,1600.0,1440.0,UPI,Delivered
ORD01337,2025-11-28,CUST0122,Customer 0122,Female,20,Delhi,Delhi,North,Home & Kitchen,Furniture,Office Chair,1,8500.0,0.0,8500.0,5700.0,2800.0,Cash on Delivery,Delivered
ORD00320,2025-11-28,CUST0258,Customer 0258,Male,46,Chennai,Tamil Nadu,South,Electronics,Mobiles,Smartphone,1,18000.0,0.05,0.0,12500.0,0.0,UPI,Cancelled
ORD00457,2025-11-28,CUST0016,Customer 0016,Female,57,Mumbai,Maharashtra,West,Fashion,Women,Kurti,1,1600.0,0.1,1224.0,800.0,-224.0,Debit Card,Returned
ORD00851,2025-11-28,CUST0199,Customer 0199,Male,38,Coimbatore,Tamil Nadu,South,Fashion,Accessories,Backpack,1,1800.0,0.0,1800.0,950.0,850.0,Credit Card,Delivered
ORD00154,2025-11-28,CUST0261,Customer 0261,Male,51,Madurai,Tamil Nadu,South,Electronics,Laptops,Laptop,1,52000.0,0.05,49400.0,39000.0,10400.0,Cash on Delivery,Delivered
ORD00711,2025-11-29,CUST0078,Customer 0078,Male,59,Patna,Bihar,East,Electronics,Laptops,Laptop,1,52000.0,0.05,49400.0,39000.0,10400.0,Cash on Delivery,Delivered
ORD01412,2025-11-29,CUST0099,Customer 0099,Male,53,Mumbai,Maharashtra,West,Fashion,Footwear,Running Shoes,1,3200.0,0.05,3040.0,1750.0,1290.0,UPI,Delivered
ORD00223,2025-11-29,CUST0208,Customer 0208,Female,47,Jaipur,Rajasthan,North,Electronics,Accessories,Smart Watch,1,4500.0,0.15,0.0,2700.0,0.0,UPI,Cancelled
ORD00489,2025-11-29,CUST0038,Customer 0038,Male,24,Ahmedabad,Gujarat,West,Books,Education,Python Programming Book,2,1100.0,0.05,2090.0,1040.0,1050.0,UPI,Delivered
ORD00900,2025-11-29,CUST0466,Customer 0466,Male,31,Chennai,Tamil Nadu,South,Electronics,Mobiles,Smartphone,1,18000.0,0.05,17100.0,12500.0,4600.0,Debit Card,Delivered
ORD00600,2025-11-29,CUST0102,Customer 0102,Female,58,Kolkata,West Bengal,East,Beauty,Personal Care,Hair Dryer,1,2400.0,0.2,0.0,1350.0,0.0,UPI,Cancelled
ORD01214,2025-11-29,CUST0169,Customer 0169,Female,30,Bhubaneswar,Odisha,East,Home & Kitchen,Furniture,Office Chair,1,8500.0,0.2,6800.0,5700.0,1100.0,Credit Card,Delivered
ORD00602,2025-11-30,CUST0134,Customer 0134,Male,22,Chennai,Tamil Nadu,South,Beauty,Personal Care,Hair Dryer,1,2400.0,0.05,2280.0,1350.0,930.0,Debit Card,Delivered
ORD00582,2025-11-30,CUST0208,Customer 0208,Female,47,Bengaluru,Karnataka,South,Beauty,Personal Care,Hair Dryer,1,2400.0,0.05,2280.0,1350.0,930.0,Cash on Delivery,Delivered
ORD00193,2025-11-30,CUST0282,Customer 0282,Male,18,Lucknow,Uttar Pradesh,North,Books,Education,Python Programming Book,1,1100.0,0.1,990.0,520.0,470.0,Debit Card,Delivered
ORD00188,2025-11-30,CUST0493,Customer 0493,Male,31,Kolkata,West Bengal,East,Beauty,Personal Care,Hair Dryer,1,2400.0,0.05,1938.0,1350.0,-325.5,UPI,Returned
ORD01204,2025-11-30,CUST0420,Customer 0420,Female,42,Kolkata,West Bengal,East,Home & Kitchen,Appliances,Mixer Grinder,2,3200.0,0.05,6080.0,4200.0,1880.0,Net Banking,Delivered
ORD00326,2025-12-01,CUST0048,Customer 0048,Female,53,Madurai,Tamil Nadu,South,Fashion,Accessories,Backpack,2,1800.0,0.0,3600.0,1900.0,1700.0,Cash on Delivery,Delivered
ORD01220,2025-12-01,CUST0390,Customer 0390,Female,42,Chennai,Tamil Nadu,South,Electronics,Mobiles,Smartphone,2,18000.0,0.1,27540.0,25000.0,-2590.0,Cash on Delivery,Returned
ORD01364,2025-12-01,CUST0284,Customer 0284,Female,19,Kolkata,West Bengal,East,Beauty,Skincare,Face Serum,1,900.0,0.0,900.0,420.0,480.0,UPI,Delivered
ORD00451,2025-12-01,CUST0221,Customer 0221,Male,36,Bhubaneswar,Odisha,East,Beauty,Skincare,Face Serum,1,900.0,0.2,720.0,420.0,300.0,Debit Card,Delivered
ORD00663,2025-12-01,CUST0036,Customer 0036,Male,44,Bhubaneswar,Odisha,East,Home & Kitchen,Furniture,Office Chair,3,8500.0,0.05,0.0,17100.0,0.0,UPI,Cancelled
ORD00093,2025-12-01,CUST0435,Customer 0435,Female,19,Lucknow,Uttar Pradesh,North,Electronics,Accessories,Smart Watch,2,4500.0,0.05,7267.5,5400.0,-1102.5,Debit Card,Returned
ORD01442,2025-12-01,CUST0236,Customer 0236,Female,45,Bhubaneswar,Odisha,East,Fashion,Men,Casual Shirt,1,1400.0,0.05,1330.0,700.0,630.0,Net Banking,Delivered
ORD00437,2025-12-02,CUST0006,Customer 0006,Male,52,Jaipur,Rajasthan,North,Home & Kitchen,Furniture,Office Chair,2,8500.0,0.0,17000.0,11400.0,5600.0,UPI,Delivered
ORD01483,2025-12-02,CUST0395,Customer 0395,Female,42,Kolkata,West Bengal,East,Fashion,Accessories,Backpack,2,1800.0,0.1,3240.0,1900.0,1340.0,Debit Card,Delivered
ORD00709,2025-12-02,CUST0396,Customer 0396,Female,54,Bengaluru,Karnataka,South,Home & Kitchen,Kitchen,Cookware Set,2,2800.0,0.05,5320.0,3300.0,2020.0,UPI,Delivered
ORD00288,2025-12-02,CUST0363,Customer 0363,Female,55,Coimbatore,Tamil Nadu,South,Home & Kitchen,Furniture,Office Chair,2,8500.0,0.2,13600.0,11400.0,2200.0,UPI,Delivered
ORD00620,2025-12-02,CUST0345,Customer 0345,Male,23,Jaipur,Rajasthan,North,Electronics,Mobiles,Smartphone,1,18000.0,0.0,18000.0,12500.0,5500.0,Net Banking,Delivered
ORD00878,2025-12-03,CUST0155,Customer 0155,Female,25,Bengaluru,Karnataka,South,Electronics,Mobiles,Smartphone,4,18000.0,0.05,58140.0,50000.0,-6440.0,Cash on Delivery,Returned
ORD00732,2025-12-03,CUST0118,Customer 0118,Male,59,Pune,Maharashtra,West,Fashion,Men,Casual Shirt,1,1400.0,0.2,0.0,700.0,0.0,Credit Card,Cancelled
ORD01318,2025-12-03,CUST0121,Customer 0121,Female,56,Lucknow,Uttar Pradesh,North,Electronics,Mobiles,Smartphone,2,18000.0,0.05,34200.0,25000.0,9200.0,Cash on Delivery,Delivered
ORD00791,2025-12-03,CUST0337,Customer 0337,Male,59,Madurai,Tamil Nadu,South,Home & Kitchen,Appliances,Mixer Grinder,1,3200.0,0.05,3040.0,2100.0,940.0,UPI,Delivered
ORD00116,2025-12-03,CUST0342,Customer 0342,Female,57,Hyderabad,Telangana,South,Books,Education,Data Analytics Book,3,850.0,0.0,2167.5,1260.0,-451.5,UPI,Returned
ORD00134,2025-12-03,CUST0201,Customer 0201,Female,19,Madurai,Tamil Nadu,South,Fashion,Footwear,Running Shoes,1,3200.0,0.1,2880.0,1750.0,1130.0,Net Banking,Delivered
ORD00367,2025-12-03,CUST0387,Customer 0387,Male,55,Mumbai,Maharashtra,West,Electronics,Laptops,Laptop,1,52000.0,0.05,49400.0,39000.0,10400.0,UPI,Delivered
ORD00606,2025-12-04,CUST0175,Customer 0175,Male,29,Bengaluru,Karnataka,South,Books,Education,Python Programming Book,2,1100.0,0.1,1980.0,1040.0,940.0,Net Banking,Delivered
ORD00030,2025-12-04,CUST0169,Customer 0169,Female,50,Coimbatore,Tamil Nadu,South,Beauty,Personal Care,Hair Dryer,1,2400.0,0.05,2280.0,1350.0,930.0,Cash on Delivery,Delivered
ORD00674,2025-12-04,CUST0107,Customer 0107,Female,26,Bhubaneswar,Odisha,East,Electronics,Accessories,Smart Watch,1,4500.0,0.1,0.0,2700.0,0.0,Net Banking,Cancelled
ORD01068,2025-12-04,CUST0119,Customer 0119,Male,24,Coimbatore,Tamil Nadu,South,Home & Kitchen,Appliances,Air Fryer,1,6500.0,0.1,5850.0,4200.0,1650.0,UPI,Delivered
ORD00407,2025-12-05,CUST0314,Customer 0314,Male,31,Bengaluru,Karnataka,South,Books,Education,Python Programming Book,2,1100.0,0.0,1870.0,1040.0,-406.0,Credit Card,Returned
ORD00703,2025-12-05,CUST0186,Customer 0186,Female,29,Patna,Bihar,East,Beauty,Skincare,Face Serum,1,900.0,0.15,765.0,420.0,345.0,Credit Card,Delivered
ORD01343,2025-12-06,CUST0265,Customer 0265,Female,37,Chennai,Tamil Nadu,South,Fashion,Men,Casual Shirt,1,1400.0,0.0,1400.0,700.0,700.0,Cash on Delivery,Delivered
ORD00462,2025-12-06,CUST0165,Customer 0165,Male,39,Jaipur,Rajasthan,North,Home & Kitchen,Appliances,Mixer Grinder,1,3200.0,0.05,3040.0,2100.0,940.0,Net Banking,Delivered
ORD01294,2025-12-06,CUST0006,Customer 0006,Female,31,Bhubaneswar,Odisha,East,Home & Kitchen,Appliances,Mixer Grinder,1,3200.0,0.0,2720.0,2100.0,-385.0,Cash on Delivery,Returned
ORD00006,2025-12-06,CUST0264,Customer 0264,Male,52,Hyderabad,Telangana,South,Electronics,Laptops,Laptop,1,52000.0,0.1,46800.0,39000.0,7800.0,UPI,Delivered
ORD00197,2025-12-07,CUST0005,Customer 0005,Male,39,Pune,Maharashtra,West,Home & Kitchen,Kitchen,Cookware Set,1,2800.0,0.1,2142.0,1650.0,-304.5,Credit Card,Returned
ORD00281,2025-12-07,CUST0066,Customer 0066,Female,51,Chennai,Tamil Nadu,South,Fashion,Women,Kurti,1,1600.0,0.1,1440.0,800.0,640.0,Debit Card,Delivered
ORD00554,2025-12-07,CUST0396,Customer 0396,Male,34,Lucknow,Uttar Pradesh,North,Electronics,Mobiles,Smartphone,2,18000.0,0.0,36000.0,25000.0,11000.0,UPI,Delivered
ORD01466,2025-12-08,CUST0146,Customer 0146,Female,59,Chennai,Tamil Nadu,South,Sports,Fitness,Dumbbells,1,2600.0,0.0,2600.0,1450.0,1150.0,Credit Card,Delivered
ORD01245,2025-12-08,CUST0432,Customer 0432,Female,40,Chennai,Tamil Nadu,South,Home & Kitchen,Appliances,Mixer Grinder,1,3200.0,0.15,2720.0,2100.0,620.0,UPI,Delivered
ORD01039,2025-12-08,CUST0355,Customer 0355,Male,49,Bhubaneswar,Odisha,East,Electronics,Accessories,Smart Watch,1,4500.0,0.15,3251.25,2700.0,-393.75,UPI,Returned
ORD00551,2025-12-09,CUST0324,Customer 0324,Male,51,Coimbatore,Tamil Nadu,South,Home & Kitchen,Appliances,Mixer Grinder,2,3200.0,0.05,6080.0,4200.0,1880.0,Net Banking,Delivered
ORD01246,2025-12-09,CUST0193,Customer 0193,Male,22,Delhi,Delhi,North,Beauty,Skincare,Face Serum,2,900.0,0.15,1530.0,840.0,690.0,UPI,Delivered
ORD00934,2025-12-09,CUST0354,Customer 0354,Male,27,Kolkata,West Bengal,East,Fashion,Women,Kurti,3,1600.0,0.15,4080.0,2400.0,1680.0,Cash on Delivery,Delivered
ORD00698,2025-12-09,CUST0213,Customer 0213,Female,35,Delhi,Delhi,North,Home & Kitchen,Kitchen,Cookware Set,1,2800.0,0.0,2800.0,1650.0,1150.0,UPI,Delivered
ORD00613,2025-12-09,CUST0407,Customer 0407,Male,35,Lucknow,Uttar Pradesh,North,Books,Education,Python Programming Book,1,1100.0,0.1,0.0,520.0,0.0,Debit Card,Cancelled
ORD00570,2025-12-09,CUST0344,Customer 0344,Male,46,Bengaluru,Karnataka,South,Fashion,Accessories,Backpack,1,1800.0,0.15,1300.5,950.0,-203.0,Credit Card,Returned
ORD00904,2025-12-10,CUST0079,Customer 0079,Female,27,Bhubaneswar,Odisha,East,Home & Kitchen,Kitchen,Cookware Set,1,2800.0,0.1,2520.0,1650.0,870.0,Credit Card,Delivered
ORD01390,2025-12-10,CUST0474,Customer 0474,Male,25,Kolkata,West Bengal,East,Electronics,Accessories,Smart Watch,1,4500.0,0.1,0.0,2700.0,0.0,Net Banking,Cancelled
ORD00115,2025-12-10,CUST0150,Customer 0150,Female,45,Pune,Maharashtra,West,Home & Kitchen,Appliances,Air Fryer,1,6500.0,0.15,5525.0,4200.0,1325.0,Credit Card,Delivered
ORD01199,2025-12-11,CUST0287,Customer 0287,Female,50,Bhubaneswar,Odisha,East,Home & Kitchen,Appliances,Mixer Grinder,2,3200.0,0.1,5760.0,4200.0,1560.0,Cash on Delivery,Delivered
ORD01473,2025-12-11,CUST0052,Customer 0052,Male,34,Pune,Maharashtra,West,Fashion,Footwear,Running Shoes,2,3200.0,0.05,6080.0,3500.0,2580.0,Net Banking,Delivered
ORD00255,2025-12-11,CUST0258,Customer 0258,Male,38,Lucknow,Uttar Pradesh,North,Fashion,Footwear,Running Shoes,3,3200.0,0.0,9600.0,5250.0,4350.0,Cash on Delivery,Delivered
ORD00158,2025-12-11,CUST0422,Customer 0422,Female,24,Lucknow,Uttar Pradesh,North,Beauty,Skincare,Face Serum,3,900.0,0.0,2700.0,1260.0,1440.0,Net Banking,Delivered
ORD01434,2025-12-11,CUST0333,Customer 0333,Female,46,Kolkata,West Bengal,East,Beauty,Skincare,Face Serum,1,900.0,0.05,726.75,420.0,-152.25,UPI,Returned
ORD00817,2025-12-12,CUST0249,Customer 0249,Male,38,Chennai,Tamil Nadu,South,Electronics,Accessories,Wireless Earbuds,2,2500.0,0.1,4500.0,2900.0,1600.0,Debit Card,Delivered
ORD01462,2025-12-12,CUST0258,Customer 0258,Female,30,Ahmedabad,Gujarat,West,Beauty,Personal Care,Hair Dryer,2,2400.0,0.1,3672.0,2700.0,-567.0,Debit Card,Returned
ORD00078,2025-12-13,CUST0166,Customer 0166,Male,41,Patna,Bihar,East,Sports,Fitness,Yoga Mat,1,1200.0,0.1,1080.0,550.0,530.0,Cash on Delivery,Delivered
ORD00251,2025-12-13,CUST0160,Customer 0160,Male,33,Bengaluru,Karnataka,South,Fashion,Accessories,Backpack,4,1800.0,0.1,6480.0,3800.0,2680.0,Cash on Delivery,Delivered
ORD01342,2025-12-14,CUST0027,Customer 0027,Female,49,Bengaluru,Karnataka,South,Beauty,Skincare,Face Serum,1,900.0,0.1,810.0,420.0,390.0,UPI,Delivered
ORD01196,2025-12-14,CUST0441,Customer 0441,Male,39,Kolkata,West Bengal,East,Electronics,Accessories,Wireless Earbuds,1,2500.0,0.1,1912.5,1450.0,-280.0,Cash on Delivery,Returned
ORD01057,2025-12-15,CUST0497,Customer 0497,Female,55,Ahmedabad,Gujarat,West,Electronics,Accessories,Wireless Earbuds,1,2500.0,0.05,2375.0,1450.0,925.0,UPI,Delivered
ORD01391,2025-12-15,CUST0027,Customer 0027,Female,42,Kolkata,West Bengal,East,Beauty,Skincare,Face Serum,1,900.0,0.15,765.0,420.0,345.0,Cash on Delivery,Delivered
ORD00024,2025-12-15,CUST0403,Customer 0403,Female,20,Delhi,Delhi,North,Home & Kitchen,Appliances,Air Fryer,2,6500.0,0.05,12350.0,8400.0,3950.0,Debit Card,Delivered
ORD00715,2025-12-15,CUST0028,Customer 0028,Female,33,Patna,Bihar,East,Electronics,Accessories,Smart Watch,1,4500.0,0.05,0.0,2700.0,0.0,Cash on Delivery,Cancelled
ORD00271,2025-12-15,CUST0074,Customer 0074,Female,22,Madurai,Tamil Nadu,South,Home & Kitchen,Appliances,Mixer Grinder,1,3200.0,0.05,3040.0,2100.0,940.0,Cash on Delivery,Delivered
ORD00519,2025-12-15,CUST0449,Customer 0449,Female,47,Bhubaneswar,Odisha,East,Home & Kitchen,Appliances,Air Fryer,1,6500.0,0.15,5525.0,4200.0,1325.0,Debit Card,Delivered
ORD01433,2025-12-16,CUST0425,Customer 0425,Male,42,Ahmedabad,Gujarat,West,Home & Kitchen,Kitchen,Cookware Set,2,2800.0,0.05,4522.0,3300.0,-707.0,Credit Card,Returned
ORD01238,2025-12-16,CUST0403,Customer 0403,Male,45,Mumbai,Maharashtra,West,Electronics,Mobiles,Smartphone,1,18000.0,0.1,16200.0,12500.0,3700.0,Cash on Delivery,Delivered
ORD01290,2025-12-16,CUST0343,Customer 0343,Female,29,Chennai,Tamil Nadu,South,Fashion,Women,Kurti,1,1600.0,0.1,1440.0,800.0,640.0,UPI,Delivered
ORD00645,2025-12-16,CUST0069,Customer 0069,Female,33,Hyderabad,Telangana,South,Home & Kitchen,Furniture,Office Chair,1,8500.0,0.2,6800.0,5700.0,1100.0,Debit Card,Delivered
ORD01228,2025-12-17,CUST0464,Customer 0464,Female,46,Pune,Maharashtra,West,Home & Kitchen,Appliances,Mixer Grinder,4,3200.0,0.1,11520.0,8400.0,3120.0,Credit Card,Delivered
ORD00073,2025-12-17,CUST0485,Customer 0485,Male,54,Chennai,Tamil Nadu,South,Home & Kitchen,Appliances,Mixer Grinder,2,3200.0,0.2,0.0,4200.0,0.0,Credit Card,Cancelled
ORD00721,2025-12-17,CUST0437,Customer 0437,Female,32,Ahmedabad,Gujarat,West,Electronics,Accessories,Smart Watch,2,4500.0,0.0,7650.0,5400.0,-1260.0,Cash on Delivery,Returned
ORD00163,2025-12-18,CUST0012,Customer 0012,Female,34,Bhubaneswar,Odisha,East,Electronics,Accessories,Smart Watch,2,4500.0,0.2,7200.0,5400.0,1800.0,Credit Card,Delivered
ORD00621,2025-12-18,CUST0490,Customer 0490,Female,47,Jaipur,Rajasthan,North,Home & Kitchen,Appliances,Air Fryer,2,6500.0,0.0,0.0,8400.0,0.0,UPI,Cancelled
ORD01243,2025-12-18,CUST0099,Customer 0099,Male,32,Hyderabad,Telangana,South,Books,Education,Python Programming Book,1,1100.0,0.0,0.0,520.0,0.0,Net Banking,Cancelled
ORD01247,2025-12-18,CUST0146,Customer 0146,Male,27,Bhubaneswar,Odisha,East,Home & Kitchen,Appliances,Mixer Grinder,1,3200.0,0.05,3040.0,2100.0,940.0,Net Banking,Delivered
ORD00384,2025-12-18,CUST0039,Customer 0039,Male,37,Jaipur,Rajasthan,North,Home & Kitchen,Kitchen,Cookware Set,1,2800.0,0.0,2800.0,1650.0,1150.0,Credit Card,Delivered
ORD00343,2025-12-18,CUST0443,Customer 0443,Male,30,Chennai,Tamil Nadu,South,Electronics,Mobiles,Smartphone,1,18000.0,0.05,17100.0,12500.0,4600.0,Net Banking,Delivered
ORD00102,2025-12-19,CUST0145,Customer 0145,Male,19,Bhubaneswar,Odisha,East,Home & Kitchen,Appliances,Air Fryer,2,6500.0,0.1,11700.0,8400.0,3300.0,Net Banking,Delivered
ORD01388,2025-12-19,CUST0383,Customer 0383,Male,30,Lucknow,Uttar Pradesh,North,Electronics,Laptops,Laptop,2,52000.0,0.1,93600.0,78000.0,15600.0,Credit Card,Delivered
ORD00753,2025-12-19,CUST0035,Customer 0035,Male,22,Ahmedabad,Gujarat,West,Fashion,Women,Kurti,1,1600.0,0.05,1520.0,800.0,720.0,Credit Card,Delivered
ORD00847,2025-12-19,CUST0043,Customer 0043,Male,51,Hyderabad,Telangana,South,Books,Education,Python Programming Book,1,1100.0,0.05,1045.0,520.0,525.0,Debit Card,Delivered
ORD00716,2025-12-20,CUST0273,Customer 0273,Female,44,Bengaluru,Karnataka,South,Home & Kitchen,Appliances,Mixer Grinder,1,3200.0,0.0,3200.0,2100.0,1100.0,Debit Card,Delivered
ORD00691,2025-12-20,CUST0447,Customer 0447,Male,29,Chennai,Tamil Nadu,South,Fashion,Women,Kurti,1,1600.0,0.05,1520.0,800.0,720.0,UPI,Delivered
ORD00444,2025-12-20,CUST0093,Customer 0093,Female,30,Bhubaneswar,Odisha,East,Books,Education,Python Programming Book,1,1100.0,0.15,935.0,520.0,415.0,UPI,Delivered
ORD00731,2025-12-20,CUST0198,Customer 0198,Male,30,Kolkata,West Bengal,East,Beauty,Skincare,Face Serum,1,900.0,0.2,0.0,420.0,0.0,UPI,Cancelled
ORD00984,2025-12-20,CUST0435,Customer 0435,Male,49,Delhi,Delhi,North,Home & Kitchen,Appliances,Mixer Grinder,1,3200.0,0.15,2720.0,2100.0,620.0,Debit Card,Delivered
ORD00432,2025-12-20,CUST0185,Customer 0185,Male,21,Kolkata,West Bengal,East,Books,Education,Python Programming Book,1,1100.0,0.15,935.0,520.0,415.0,Net Banking,Delivered
ORD00126,2025-12-21,CUST0202,Customer 0202,Female,40,Coimbatore,Tamil Nadu,South,Fashion,Accessories,Backpack,3,1800.0,0.15,4590.0,2850.0,1740.0,UPI,Delivered
ORD00578,2025-12-21,CUST0431,Customer 0431,Female,24,Jaipur,Rajasthan,North,Electronics,Mobiles,Smartphone,2,18000.0,0.1,27540.0,25000.0,-2590.0,Debit Card,Returned
ORD00588,2025-12-21,CUST0421,Customer 0421,Male,56,Bhubaneswar,Odisha,East,Sports,Fitness,Dumbbells,1,2600.0,0.05,2470.0,1450.0,1020.0,Credit Card,Delivered
ORD01453,2025-12-21,CUST0068,Customer 0068,Male,54,Chennai,Tamil Nadu,South,Home & Kitchen,Appliances,Air Fryer,2,6500.0,0.0,11050.0,8400.0,-1610.0,Debit Card,Returned
ORD00455,2025-12-21,CUST0059,Customer 0059,Male,45,Bengaluru,Karnataka,South,Books,Education,Data Analytics Book,2,850.0,0.1,1530.0,840.0,690.0,UPI,Delivered
ORD00529,2025-12-21,CUST0128,Customer 0128,Female,54,Coimbatore,Tamil Nadu,South,Electronics,Mobiles,Smartphone,1,18000.0,0.05,17100.0,12500.0,4600.0,Cash on Delivery,Delivered
ORD00908,2025-12-22,CUST0155,Customer 0155,Female,54,Jaipur,Rajasthan,North,Fashion,Footwear,Running Shoes,3,3200.0,0.05,0.0,5250.0,0.0,UPI,Cancelled
ORD00129,2025-12-22,CUST0153,Customer 0153,Female,29,Hyderabad,Telangana,South,Fashion,Women,Kurti,1,1600.0,0.0,1600.0,800.0,800.0,Net Banking,Delivered
ORD01448,2025-12-22,CUST0289,Customer 0289,Female,48,Lucknow,Uttar Pradesh,North,Home & Kitchen,Furniture,Office Chair,1,8500.0,0.0,8500.0,5700.0,2800.0,Credit Card,Delivered
ORD00054,2025-12-23,CUST0099,Customer 0099,Female,53,Hyderabad,Telangana,South,Electronics,Accessories,Smart Watch,2,4500.0,0.15,7650.0,5400.0,2250.0,Credit Card,Delivered
ORD01167,2025-12-23,CUST0378,Customer 0378,Female,53,Bhubaneswar,Odisha,East,Fashion,Accessories,Backpack,1,1800.0,0.1,1377.0,950.0,-234.5,Cash on Delivery,Returned
ORD00860,2025-12-23,CUST0204,Customer 0204,Female,23,Jaipur,Rajasthan,North,Electronics,Accessories,Wireless Earbuds,4,2500.0,0.15,8500.0,5800.0,2700.0,Debit Card,Delivered
ORD01274,2025-12-23,CUST0233,Customer 0233,Female,46,Bengaluru,Karnataka,South,Home & Kitchen,Appliances,Air Fryer,2,6500.0,0.0,13000.0,8400.0,4600.0,Cash on Delivery,Delivered
ORD00153,2025-12-23,CUST0123,Customer 0123,Female,46,Bengaluru,Karnataka,South,Beauty,Personal Care,Hair Dryer,1,2400.0,0.15,2040.0,1350.0,690.0,UPI,Delivered
ORD00263,2025-12-25,CUST0188,Customer 0188,Male,37,Mumbai,Maharashtra,West,Home & Kitchen,Kitchen,Cookware Set,1,2800.0,0.1,2520.0,1650.0,870.0,UPI,Delivered
ORD00389,2025-12-25,CUST0173,Customer 0173,Female,46,Madurai,Tamil Nadu,South,Books,Education,Data Analytics Book,1,850.0,0.05,807.5,420.0,387.5,Cash on Delivery,Delivered
ORD01330,2025-12-26,CUST0052,Customer 0052,Female,28,Lucknow,Uttar Pradesh,North,Electronics,Mobiles,Smartphone,1,18000.0,0.0,18000.0,12500.0,5500.0,Debit Card,Delivered
ORD00013,2025-12-26,CUST0101,Customer 0101,Male,31,Madurai,Tamil Nadu,South,Fashion,Accessories,Backpack,1,1800.0,0.1,1620.0,950.0,670.0,Debit Card,Delivered
ORD00002,2025-12-26,CUST0344,Customer 0344,Female,47,Ahmedabad,Gujarat,West,Electronics,Accessories,Smart Watch,2,4500.0,0.0,9000.0,5400.0,3600.0,Credit Card,Delivered
ORD01488,2025-12-26,CUST0197,Customer 0197,Female,39,Ahmedabad,Gujarat,West,Electronics,Laptops,Laptop,1,52000.0,0.15,44200.0,39000.0,5200.0,Cash on Delivery,Delivered
ORD00007,2025-12-26,CUST0106,Customer 0106,Female,46,Bengaluru,Karnataka,South,Books,Education,Python Programming Book,2,1100.0,0.05,1776.5,1040.0,-367.5,Credit Card,Returned
ORD00108,2025-12-26,CUST0346,Customer 0346,Female,60,Lucknow,Uttar Pradesh,North,Fashion,Women,Kurti,1,1600.0,0.05,0.0,800.0,0.0,Cash on Delivery,Cancelled
ORD01375,2025-12-27,CUST0406,Customer 0406,Female,44,Lucknow,Uttar Pradesh,North,Sports,Fitness,Dumbbells,1,2600.0,0.1,0.0,1450.0,0.0,Credit Card,Cancelled
ORD01010,2025-12-27,CUST0283,Customer 0283,Male,52,Lucknow,Uttar Pradesh,North,Electronics,Accessories,Wireless Earbuds,1,2500.0,0.1,2250.0,1450.0,800.0,Cash on Delivery,Delivered
ORD01474,2025-12-28,CUST0198,Customer 0198,Female,56,Bhubaneswar,Odisha,East,Electronics,Mobiles,Smartphone,2,18000.0,0.0,36000.0,25000.0,11000.0,UPI,Delivered
ORD00312,2025-12-28,CUST0355,Customer 0355,Female,31,Lucknow,Uttar Pradesh,North,Home & Kitchen,Kitchen,Cookware Set,4,2800.0,0.05,10640.0,6600.0,4040.0,Debit Card,Delivered
ORD00973,2025-12-28,CUST0224,Customer 0224,Male,43,Ahmedabad,Gujarat,West,Electronics,Accessories,Smart Watch,2,4500.0,0.0,0.0,5400.0,0.0,UPI,Cancelled
ORD01101,2025-12-28,CUST0279,Customer 0279,Female,37,Patna,Bihar,East,Books,Education,Python Programming Book,1,1100.0,0.2,880.0,520.0,360.0,Net Banking,Delivered
ORD00087,2025-12-29,CUST0294,Customer 0294,Male,32,Pune,Maharashtra,West,Beauty,Personal Care,Hair Dryer,1,2400.0,0.0,2400.0,1350.0,1050.0,UPI,Delivered
ORD00559,2025-12-29,CUST0089,Customer 0089,Female,29,Mumbai,Maharashtra,West,Books,Education,Python Programming Book,1,1100.0,0.2,880.0,520.0,360.0,UPI,Delivered
ORD00330,2025-12-29,CUST0262,Customer 0262,Male,32,Lucknow,Uttar Pradesh,North,Beauty,Personal Care,Hair Dryer,1,2400.0,0.0,2400.0,1350.0,1050.0,Net Banking,Delivered
ORD00594,2025-12-30,CUST0379,Customer 0379,Female,21,Jaipur,Rajasthan,North,Electronics,Mobiles,Smartphone,1,18000.0,0.15,15300.0,12500.0,2800.0,UPI,Delivered
ORD00448,2025-12-30,CUST0413,Customer 0413,Male,36,Delhi,Delhi,North,Sports,Fitness,Dumbbells,1,2600.0,0.15,1878.5,1450.0,-266.0,Credit Card,Returned
ORD00387,2025-12-30,CUST0438,Customer 0438,Female,44,Bhubaneswar,Odisha,East,Electronics,Accessories,Wireless Earbuds,1,2500.0,0.0,2500.0,1450.0,1050.0,Credit Card,Delivered
ORD00856,2025-12-30,CUST0083,Customer 0083,Female,28,Hyderabad,Telangana,South,Electronics,Accessories,Wireless Earbuds,1,2500.0,0.05,2375.0,1450.0,925.0,Debit Card,Delivered
ORD00139,2025-12-31,CUST0401,Customer 0401,Male,43,Jaipur,Rajasthan,North,Fashion,Men,Casual Shirt,1,1400.0,0.0,0.0,700.0,0.0,Net Banking,Cancelled
ORD00466,2025-12-31,CUST0269,Customer 0269,Male,52,Jaipur,Rajasthan,North,Electronics,Accessories,Wireless Earbuds,1,2500.0,0.1,2250.0,1450.0,800.0,Cash on Delivery,Delivered
ORD00329,2025-12-31,CUST0067,Customer 0067,Male,21,Bengaluru,Karnataka,South,Books,Education,Data Analytics Book,4,850.0,0.0,3400.0,1680.0,1720.0,Credit Card,Delivered
ORD01062,2025-12-31,CUST0019,Customer 0019,Male,57,Mumbai,Maharashtra,West,Electronics,Laptops,Laptop,1,52000.0,0.0,52000.0,39000.0,13000.0,Net Banking,Delivered
ORD01249,2025-12-31,CUST0316,Customer 0316,Male,46,Ahmedabad,Gujarat,West,Books,Education,Data Analytics Book,2,850.0,0.0,1700.0,840.0,860.0,Cash on Delivery,Delivered
